ff_id	sfam_id	seq_count	dops_score	gap_per	category
1.10.10.10-ff-20119	1.10.10.10	26	80.036	2.960927960927961	low_seq
1.10.100.10-ff-656	1.10.100.10	42	89.19	31.238977072310405	low_seq
1.10.1040.10-ff-17616	1.10.1040.10	12	93.618	13.317757009345794	low_seq
1.10.1060.10-ff-10337	1.10.1060.10	33	88.14	26.549072817729535	low_seq
1.10.1070.11-ff-1692	1.10.1070.11	30	92.137	22.92079207920792	low_seq
1.10.1080.10-ff-523	1.10.1080.10	20	87.251	24.893617021276597	low_seq
1.10.110.10-ff-16	1.10.110.10	17	73.081	47.32090856144438	low_seq
1.10.1130.10-ff-2021	1.10.1130.10	31	79.158	12.39071450105517	low_seq
1.10.1170.10-ff-1260	1.10.1170.10	36	70.581	7.0750237416904085	low_seq
1.10.12.10-ff-5683	1.10.12.10	46	82.467	7.375776397515528	low_seq
1.10.1200.10-ff-23764	1.10.1200.10	24	75.737	3.6144578313253013	low_seq
1.10.1280.10-ff-270	1.10.1280.10	46	87.07	12.169122050544976	low_seq
1.10.1300.10-ff-1071	1.10.1300.10	32	81.647	35.0328947368421	low_seq
1.10.1320.10-ff-392	1.10.1320.10	37	80.416	5.088803088803089	low_seq
1.10.1420.10-ff-5385	1.10.1420.10	18	77.053	19.0146750524109	low_seq
1.10.1440.10-ff-275	1.10.1440.10	44	94.464	1.8465909090909092	low_seq
1.10.1450.10-ff-2060	1.10.1450.10	19	82.091	4.403866809881848	low_seq
1.10.1470.10-ff-2766	1.10.1470.10	20	85.513	9.166666666666666	low_seq
1.10.150.130-ff-17431	1.10.150.130	14	90.652	1.3437057991513437	low_seq
1.10.1520.10-ff-1352	1.10.1520.10	19	83.247	9.682860998650472	low_seq
1.10.1540.10-ff-597	1.10.1540.10	48	72.661	10.298463356973995	low_seq
1.10.1580.10-ff-1647	1.10.1580.10	39	90.16	16.202945990180034	low_seq
1.10.166.10-ff-1062	1.10.166.10	29	70.034	7.540229885057471	low_seq
1.10.1670.10-ff-5776	1.10.1670.10	29	76.818	37.68647591098068	low_seq
1.10.1750.10-ff-1682	1.10.1750.10	17	97.264	5.327413984461709	low_seq
1.10.185.10-ff-12	1.10.185.10	21	70.813	16.3003663003663	low_seq
1.10.196.10-ff-975	1.10.196.10	27	73.402	4.444444444444445	low_seq
1.10.20.10-ff-5678	1.10.20.10	25	72.832	18.736842105263158	low_seq
1.10.2000.10-ff-1011	1.10.2000.10	9	80.243	8.956228956228957	low_seq
1.10.225.10-ff-1949	1.10.225.10	49	72.844	4.945054945054945	low_seq
1.10.238.10-ff-146	1.10.238.10	30	71.402	25.245683930942896	low_seq
1.10.240.10-ff-5113	1.10.240.10	16	73.587	4.891304347826087	low_seq
1.10.246.10-ff-170	1.10.246.10	39	70.539	18.796844181459566	low_seq
1.10.250.10-ff-26	1.10.250.10	8	72.672	1.1458333333333333	low_seq
1.10.260.40-ff-47124	1.10.260.40	10	78.776	11.097560975609756	low_seq
1.10.286.10-ff-1748	1.10.286.10	16	90.176	5.439814814814815	low_seq
1.10.287.10-ff-2931	1.10.287.10	48	77.976	18.181818181818183	low_seq
1.10.30.10-ff-4376	1.10.30.10	25	72.552	10.524271844660195	low_seq
1.10.3060.10-ff-2159	1.10.3060.10	11	87.044	17.139282735613012	low_seq
1.10.3120.10-ff-1942	1.10.3120.10	7	73.868	0.3417634996582365	low_seq
1.10.3160.10-ff-338	1.10.3160.10	27	94.421	26.13250700900103	low_seq
1.10.3230.10-ff-125	1.10.3230.10	14	88.298	29.183673469387756	low_seq
1.10.3370.10-ff-1858	1.10.3370.10	35	92.842	4.839371155160629	low_seq
1.10.340.20-ff-230	1.10.340.20	25	96.93	10.144329896907216	low_seq
1.10.3420.10-ff-1056	1.10.3420.10	20	86.051	16.06508875739645	low_seq
1.10.3440.10-ff-55	1.10.3440.10	19	74.946	1.2704174228675136	low_seq
1.10.3450.10-ff-899	1.10.3450.10	44	97.326	29.001450676982593	low_seq
1.10.3460.10-ff-1896	1.10.3460.10	12	87.393	51.50326797385621	low_seq
1.10.3490.10-ff-19	1.10.3490.10	24	94.884	8.120748299319727	low_seq
1.10.3510.10-ff-149	1.10.3510.10	15	95.752	23.164556962025316	low_seq
1.10.3570.10-ff-136	1.10.3570.10	36	96.479	51.82252388134741	low_seq
1.10.3610.10-ff-141	1.10.3610.10	18	70.418	5.683269476372924	low_seq
1.10.3700.10-ff-587	1.10.3700.10	17	85.107	19.24473493100944	low_seq
1.10.3740.10-ff-106	1.10.3740.10	21	89.434	41.19561493662213	low_seq
1.10.3790.10-ff-274	1.10.3790.10	15	71.361	3.1506849315068495	low_seq
1.10.3920.10-ff-248	1.10.3920.10	20	93.25	17.690058479532162	low_seq
1.10.40.30-ff-5446	1.10.40.30	13	83.389	0.4214963119072708	low_seq
1.10.400.10-ff-1433	1.10.400.10	16	95.793	1.084710743801653	low_seq
1.10.4030.10-ff-3328	1.10.4030.10	28	83.895	0.16741071428571427	low_seq
1.10.4140.10-ff-49	1.10.4140.10	10	89.088	22.11382113821138	low_seq
1.10.418.10-ff-2511	1.10.418.10	14	79.978	22.4120082815735	low_seq
1.10.420.10-ff-4824	1.10.420.10	13	71.757	46.33136094674556	low_seq
1.10.437.10-ff-597	1.10.437.10	36	73.892	10.208333333333334	low_seq
1.10.460.10-ff-6250	1.10.460.10	39	87.06	10.466053862280278	low_seq
1.10.468.10-ff-105	1.10.468.10	27	85.272	20.015352139704472	low_seq
1.10.470.10-ff-175	1.10.470.10	34	95.417	17.70086083213773	low_seq
1.10.472.10-ff-9827	1.10.472.10	45	77.195	18.395061728395063	low_seq
1.10.490.10-ff-5149	1.10.490.10	14	81.387	16.899852724594993	low_seq
1.10.510.10-ff-21589	1.10.510.10	36	82.01	16.256830601092897	low_seq
1.10.520.20-ff-2491	1.10.520.20	34	93.829	2.0697167755991286	low_seq
1.10.530.10-ff-12454	1.10.530.10	24	77.187	7.243589743589744	low_seq
1.10.533.10-ff-5056	1.10.533.10	41	70.167	4.541631623212784	low_seq
1.10.555.10-ff-4058	1.10.555.10	27	94.021	25.505050505050505	low_seq
1.10.560.10-ff-6273	1.10.560.10	13	72.17	17.94871794871795	low_seq
1.10.565.10-ff-5093	1.10.565.10	28	83.172	15.899847483477377	low_seq
1.10.569.10-ff-401	1.10.569.10	29	85.417	13.454721237512086	low_seq
1.10.580.10-ff-3668	1.10.580.10	41	85.83	60.676953708312595	low_seq
1.10.60.30-ff-1360	1.10.60.30	15	79.173	1.452991452991453	low_seq
1.10.600.10-ff-511	1.10.600.10	43	87.605	17.930828861061418	low_seq
1.10.620.20-ff-3296	1.10.620.20	90	84.514	9.76443610589952	low_seq
1.10.630.10-ff-5173	1.10.630.10	33	83.516	7.278611356281259	low_seq
1.10.720.10-ff-1693	1.10.720.10	17	73.555	25.570228091236494	low_seq
1.10.730.10-ff-13460	1.10.730.10	43	75.117	8.844834159359513	low_seq
1.10.740.10-ff-248	1.10.740.10	19	70.896	10.867446393762183	low_seq
1.10.760.10-ff-19981	1.10.760.10	13	89.242	9.013209013209012	low_seq
1.10.8.10-ff-15035	1.10.8.10	26	97.344	9.645909645909645	low_seq
1.10.840.10-ff-1388	1.10.840.10	33	73.697	2.378365326572498	low_seq
1.10.940.10-ff-3130	1.10.940.10	8	70.597	7.734375	low_seq
1.20.1050.10-ff-15459	1.20.1050.10	30	87.86	4.184397163120567	low_seq
1.20.1070.10-ff-676	1.20.1070.10	16	78.384	20.675587467362924	low_seq
1.20.1080.10-ff-5111	1.20.1080.10	11	75.115	1.3818181818181818	low_seq
1.20.120.140-ff-4557	1.20.120.140	24	82.383	12.8	low_seq
1.20.1230.10-ff-117	1.20.1230.10	34	83.519	14.43577430972389	low_seq
1.20.1250.10-ff-1230	1.20.1250.10	16	90.98	20.6640625	low_seq
1.20.1270.10-ff-5414	1.20.1270.10	13	72.791	0.8377760853008378	low_seq
1.20.1280.10-ff-21	1.20.1280.10	78	95.99	3.5572408811845433	low_seq
1.20.1310.10-ff-3173	1.20.1310.10	26	70.027	26.811270125223615	low_seq
1.20.1330.10-ff-3741	1.20.1330.10	23	87.311	33.73129009265859	low_seq
1.20.140.40-ff-708	1.20.140.40	43	73.265	42.40033222591362	low_seq
1.20.144.10-ff-1741	1.20.144.10	24	74.773	31.079234972677597	low_seq
1.20.1440.30-ff-588	1.20.1440.30	25	98.417	2.938775510204082	low_seq
1.20.150.10-ff-79	1.20.150.10	45	97.669	8.015325670498084	low_seq
1.20.1500.10-ff-1080	1.20.1500.10	7	76.656	1.4285714285714286	low_seq
1.20.1510.10-ff-5850	1.20.1510.10	31	72.814	9.690973163458931	low_seq
1.20.1540.10-ff-4918	1.20.1540.10	13	71.142	2.5510204081632653	low_seq
1.20.1560.10-ff-26528	1.20.1560.10	26	78.148	3.981900452488688	low_seq
1.20.1580.10-ff-2932	1.20.1580.10	42	82.285	28.900709219858157	low_seq
1.20.1640.10-ff-24243	1.20.1640.10	17	73.039	8.229770781552057	low_seq
1.20.1660.10-ff-1657	1.20.1660.10	6	91.984	16.203703703703702	low_seq
1.20.1710.10-ff-211	1.20.1710.10	11	92.512	20.25691699604743	low_seq
1.20.200.10-ff-7089	1.20.200.10	40	73.509	54.61009174311926	low_seq
1.20.5.100-ff-6532	1.20.5.100	38	72.317	3.793574846206425	low_seq
1.20.58.100-ff-3346	1.20.58.100	31	94.918	24.181236148731838	low_seq
1.20.80.10-ff-2639	1.20.80.10	42	74.351	0.34595034595034596	low_seq
1.20.85.10-ff-743	1.20.85.10	17	78.303	25.288053365676166	low_seq
1.20.850.10-ff-329	1.20.850.10	24	87.26	43.79800307219662	low_seq
1.20.870.10-ff-636	1.20.870.10	28	74.547	14.268377253814148	low_seq
1.20.900.10-ff-3402	1.20.900.10	13	80.824	17.394317394317394	low_seq
1.20.920.10-ff-4485	1.20.920.10	11	77.714	13.131313131313131	low_seq
1.20.930.10-ff-1134	1.20.930.10	25	86.418	8.363636363636363	low_seq
1.20.960.20-ff-382	1.20.960.20	85	74.368	13.402829486224869	low_seq
1.20.970.10-ff-3137	1.20.970.10	21	84.261	25.510204081632654	low_seq
1.25.10.10-ff-54837	1.25.10.10	23	79.301	31.36322463768116	low_seq
1.25.40.10-ff-3081	1.25.40.10	48	72.112	52.87176274018379	low_seq
1.50.10.130-ff-900	1.50.10.130	19	83.516	13.803376365441906	low_seq
1.50.40.10-ff-9295	1.50.40.10	22	70.287	11.681818181818182	low_seq
2.10.10.10-ff-690	2.10.10.10	32	81.868	7.2150735294117645	low_seq
2.10.109.10-ff-8925	2.10.109.10	16	73.604	7.5	low_seq
2.10.110.10-ff-5800	2.10.110.10	42	76.833	13.311688311688311	low_seq
2.10.220.10-ff-2942	2.10.220.10	27	74.302	52.72799681401832	low_seq
2.10.230.10-ff-4076	2.10.230.10	9	74.179	14.666666666666666	low_seq
2.10.25.10-ff-947	2.10.25.10	17	88.172	9.62566844919786	low_seq
2.10.270.10-ff-4918	2.10.270.10	8	70.869	19.776119402985074	low_seq
2.10.280.10-ff-665	2.10.280.10	12	99.06	13.125	low_seq
2.10.50.10-ff-720	2.10.50.10	29	79.829	25.627926777352066	low_seq
2.10.60.10-ff-2820	2.10.60.10	43	71.072	8.875177978168011	low_seq
2.10.70.10-ff-12637	2.10.70.10	32	77.14	5.113636363636363	low_seq
2.10.80.10-ff-393	2.10.80.10	8	70.784	14.880952380952381	low_seq
2.10.90.10-ff-1236	2.10.90.10	35	74.859	20.678314491264132	low_seq
2.100.10.10-ff-284	2.100.10.10	15	98.028	25.883838383838384	low_seq
2.102.10.10-ff-8186	2.102.10.10	47	79.487	26.95035460992908	low_seq
2.110.10.10-ff-1494	2.110.10.10	42	71.813	3.5	low_seq
2.115.10.20-ff-5427	2.115.10.20	22	70.935	8.942687747035572	low_seq
2.120.10.10-ff-727	2.120.10.10	64	74.674	6.640625	low_seq
2.130.10.10-ff-6112	2.130.10.10	22	76.673	30.56247405562474	low_seq
2.140.10.30-ff-11491	2.140.10.30	15	70.532	18.31474597273854	low_seq
2.160.10.10-ff-81740	2.160.10.10	19	84.252	6.333630686886709	low_seq
2.160.20.10-ff-22109	2.160.20.10	30	75.784	5.188034188034188	low_seq
2.170.120.20-ff-1606	2.170.120.20	27	93.385	10.493827160493828	low_seq
2.170.130.10-ff-20993	2.170.130.10	40	83.124	4.103053435114504	low_seq
2.170.140.10-ff-5361	2.170.140.10	15	85.727	6.770833333333333	low_seq
2.170.15.10-ff-422	2.170.15.10	6	87.38	8.857142857142858	low_seq
2.170.150.20-ff-2515	2.170.150.20	35	71.726	13.564993564993564	low_seq
2.170.16.10-ff-2730	2.170.16.10	7	72.286	28.147100424328148	low_seq
2.170.30.10-ff-83	2.170.30.10	44	84.939	10.285053929121725	low_seq
2.20.100.10-ff-9718	2.20.100.10	28	70.136	4.742388758782202	low_seq
2.20.20.10-ff-136	2.20.20.10	44	91.046	24.878246753246753	low_seq
2.20.25.110-ff-579	2.20.25.110	25	94.919	8.5	low_seq
2.20.70.10-ff-4624	2.20.70.10	32	81.527	32.45192307692308	low_seq
2.20.90.10-ff-92	2.20.90.10	41	88.348	3.7971175166297115	low_seq
2.30.110.10-ff-14216	2.30.110.10	29	73.118	4.9898580121703855	low_seq
2.30.130.10-ff-4773	2.30.130.10	39	79.915	0.026709401709401708	low_seq
2.30.210.10-ff-17	2.30.210.10	29	76.043	11.444277861069466	low_seq
2.30.22.10-ff-2338	2.30.22.10	19	79.111	8.881578947368421	low_seq
2.30.230.10-ff-546	2.30.230.10	8	76.695	2.834008097165992	low_seq
2.30.260.10-ff-470	2.30.260.10	19	91.949	5.4066985645933014	low_seq
2.30.27.10-ff-17	2.30.27.10	27	97.247	30.53297199638663	low_seq
2.30.29.30-ff-3240	2.30.29.30	39	71.197	3.3212872139046636	low_seq
2.30.290.10-ff-598	2.30.290.10	14	73.722	4.8901098901098905	low_seq
2.30.30.280-ff-2014	2.30.30.280	21	81.057	1.249024199843872	low_seq
2.30.310.10-ff-901	2.30.310.10	15	70.329	2.2745098039215685	low_seq
2.30.38.10-ff-31144	2.30.38.10	7	81.274	16.379310344827587	low_seq
2.30.39.10-ff-4405	2.30.39.10	30	75.532	4.141414141414141	low_seq
2.30.40.10-ff-31203	2.30.40.10	27	87.703	5.39021164021164	low_seq
2.30.42.10-ff-10894	2.30.42.10	60	73.713	1.5425531914893618	low_seq
2.40.10.10-ff-1369	2.40.10.10	37	87.757	12.732504367485356	low_seq
2.40.110.10-ff-14297	2.40.110.10	49	72.14	4.486277269528501	low_seq
2.40.128.100-ff-148	2.40.128.100	15	71.163	3.8461538461538463	low_seq
2.40.160.10-ff-9654	2.40.160.10	32	76.196	19.264618138424822	low_seq
2.40.170.20-ff-26200	2.40.170.20	13	81.151	15.087328130806391	low_seq
2.40.20.10-ff-1652	2.40.20.10	33	73.67	28.484848484848484	low_seq
2.40.200.10-ff-12	2.40.200.10	24	91.778	14.794921875	low_seq
2.40.240.10-ff-4214	2.40.240.10	15	75.294	0.43956043956043955	low_seq
2.40.270.10-ff-1732	2.40.270.10	17	89.099	8.421052631578947	low_seq
2.40.280.10-ff-1733	2.40.280.10	11	82.213	1.6913319238900635	low_seq
2.40.30.10-ff-35955	2.40.30.10	9	76.801	31.048805815160954	low_seq
2.40.33.20-ff-2466	2.40.33.20	37	77.567	23.27072835547412	low_seq
2.40.330.10-ff-2555	2.40.330.10	16	89.597	15.581597222222221	low_seq
2.40.390.10-ff-654	2.40.390.10	10	76.578	27.253521126760564	low_seq
2.40.40.20-ff-9854	2.40.40.20	15	72.145	7.845804988662132	low_seq
2.40.400.10-ff-694	2.40.400.10	40	70.923	31.025641025641026	low_seq
2.40.490.10-ff-104	2.40.490.10	8	86.22	0.12626262626262627	low_seq
2.40.50.100-ff-49600	2.40.50.100	19	88.245	2.037351443123939	low_seq
2.40.500.10-ff-36	2.40.500.10	12	84.381	28.312629399585923	low_seq
2.40.70.10-ff-22740	2.40.70.10	46	74.908	37.95918367346939	low_seq
2.50.10.10-ff-22	2.50.10.10	39	86.928	18.29015197161411	low_seq
2.60.120.10-ff-54818	2.60.120.10	23	75.223	29.262759924385634	low_seq
2.60.15.10-ff-2285	2.60.15.10	15	88.863	26.57210401891253	low_seq
2.60.20.10-ff-2539	2.60.20.10	9	77.987	21.21212121212121	low_seq
2.60.200.10-ff-61	2.60.200.10	31	73.11	61.36534133533383	low_seq
2.60.210.10-ff-2357	2.60.210.10	36	94.118	11.358811040339702	low_seq
2.60.250.10-ff-31	2.60.250.10	28	94.443	17.926975259377492	low_seq
2.60.260.20-ff-4763	2.60.260.20	15	74.022	27.049808429118773	low_seq
2.60.270.20-ff-50	2.60.270.20	93	95.71	13.931743805516597	low_seq
2.60.290.11-ff-802	2.60.290.11	46	97.709	29.121376811594203	low_seq
2.60.34.10-ff-999	2.60.34.10	30	83.301	7.104622871046229	low_seq
2.60.350.10-ff-9603	2.60.350.10	10	82.292	3.8916256157635467	low_seq
2.60.40.10-ff-1171	2.60.40.10	27	71.76	0.2204585537918871	low_seq
2.60.420.10-ff-1432	2.60.420.10	38	93.862	24.168179068360555	low_seq
2.60.450.10-ff-3137	2.60.450.10	12	82.133	16.88888888888889	low_seq
2.60.520.10-ff-64	2.60.520.10	21	90.268	16.56641604010025	low_seq
2.60.60.20-ff-2365	2.60.60.20	29	77.653	19.06378417009112	low_seq
2.60.98.10-ff-354	2.60.98.10	31	90.825	39.36950146627566	low_seq
2.70.10.10-ff-16	2.70.10.10	30	84.307	5.909090909090909	low_seq
2.70.130.10-ff-2051	2.70.130.10	45	72.212	6.584362139917696	low_seq
2.70.150.10-ff-6963	2.70.150.10	19	79.051	11.523545706371191	low_seq
2.70.160.11-ff-240	2.70.160.11	12	76.955	11.384335154826958	low_seq
2.70.40.10-ff-5100	2.70.40.10	16	74.441	9.5703125	low_seq
2.70.9.10-ff-221	2.70.9.10	11	78.536	16.1769789146215	low_seq
2.70.98.10-ff-7239	2.70.98.10	31	86.64	9.969690409179476	low_seq
2.80.10.50-ff-12946	2.80.10.50	21	76.888	11.8796992481203	low_seq
2.90.10.10-ff-3109	2.90.10.10	46	94.745	21.406812517308225	low_seq
3.10.100.10-ff-6095	3.10.100.10	25	75.564	3.169230769230769	low_seq
3.10.105.10-ff-8439	3.10.105.10	9	81.043	9.543010752688172	low_seq
3.10.110.10-ff-5934	3.10.110.10	44	73.505	5.467720685111989	low_seq
3.10.129.10-ff-29575	3.10.129.10	48	71.281	10.667194092827005	low_seq
3.10.130.10-ff-611	3.10.130.10	29	74.979	1.220159151193634	low_seq
3.10.196.10-ff-1381	3.10.196.10	24	72.282	6.3483547925608015	low_seq
3.10.20.10-ff-2214	3.10.20.10	138	87.725	38.72702823845809	low_seq
3.10.25.10-ff-2910	3.10.25.10	14	82.973	1.2244897959183674	low_seq
3.10.250.10-ff-5958	3.10.250.10	36	72.092	4.62962962962963	low_seq
3.10.28.10-ff-21811	3.10.28.10	19	86.968	24.438484746899096	low_seq
3.10.280.10-ff-366	3.10.280.10	21	75.074	6.6757803599908865	low_seq
3.10.290.10-ff-14108	3.10.290.10	13	72.748	0.0	low_seq
3.10.330.20-ff-639	3.10.330.20	44	79.492	6.818181818181818	low_seq
3.10.360.10-ff-288	3.10.360.10	6	70.294	7.575757575757576	low_seq
3.10.380.10-ff-165	3.10.380.10	17	93.035	19.71383147853736	low_seq
3.10.410.10-ff-95	3.10.410.10	26	81.17	2.051282051282051	low_seq
3.10.450.10-ff-2095	3.10.450.10	35	73.77	1.889763779527559	low_seq
3.10.50.30-ff-2923	3.10.50.30	7	71.945	1.0714285714285714	low_seq
3.10.530.10-ff-509	3.10.530.10	15	96.058	4.62962962962963	low_seq
3.10.550.10-ff-33	3.10.550.10	42	96.674	6.740595781691672	low_seq
3.10.580.10-ff-15860	3.10.580.10	48	81.479	7.1687370600414075	low_seq
3.10.590.10-ff-1950	3.10.590.10	5	74.977	23.125	low_seq
3.100.10.10-ff-2881	3.100.10.10	11	76.432	4.806687565308255	low_seq
3.15.10.10-ff-1475	3.15.10.10	11	70.787	8.573540280857355	low_seq
3.15.20.10-ff-470	3.15.20.10	40	84.874	6.739510489510489	low_seq
3.15.30.10-ff-676	3.15.30.10	30	95.94	12.974051896207586	low_seq
3.20.16.10-ff-666	3.20.16.10	13	74.661	2.968400893712097	low_seq
3.20.20.120-ff-645	3.20.20.120	46	84.914	44.145324597974984	low_seq
3.20.70.20-ff-5036	3.20.70.20	18	79.932	13.919318379412276	low_seq
3.30.1060.10-ff-2967	3.30.1060.10	18	72.097	10.103626943005182	low_seq
3.30.110.10-ff-1405	3.30.110.10	21	71.78	0.05537098560354374	low_seq
3.30.1120.10-ff-4879	3.30.1120.10	48	70.204	16.17161716171617	low_seq
3.30.1150.10-ff-3901	3.30.1150.10	30	90.786	34.0819209039548	low_seq
3.30.1170.10-ff-21	3.30.1170.10	29	92.868	5.270006506180872	low_seq
3.30.1180.10-ff-3353	3.30.1180.10	9	94.968	4.427736006683375	low_seq
3.30.1190.10-ff-98	3.30.1190.10	11	82.095	1.9374068554396424	low_seq
3.30.1200.10-ff-1600	3.30.1200.10	11	88.61	20.53475935828877	low_seq
3.30.1230.10-ff-1627	3.30.1230.10	14	88.336	8.454810495626822	low_seq
3.30.1280.10-ff-1785	3.30.1280.10	20	98.812	17.78409090909091	low_seq
3.30.1300.30-ff-1506	3.30.1300.30	20	91.854	23.857142857142858	low_seq
3.30.1330.120-ff-457	3.30.1330.120	9	74.756	4.061302681992337	low_seq
3.30.1340.20-ff-53	3.30.1340.20	17	85.248	6.547314578005115	low_seq
3.30.1360.130-ff-384	3.30.1360.130	26	97.876	0.8547008547008547	low_seq
3.30.1370.10-ff-1120	3.30.1370.10	39	73.882	4.773175542406312	low_seq
3.30.1380.20-ff-959	3.30.1380.20	31	82.755	11.715703651187523	low_seq
3.30.1390.20-ff-2057	3.30.1390.20	26	73.774	1.4027149321266967	low_seq
3.30.1460.30-ff-1237	3.30.1460.30	16	81.07	3.988095238095238	low_seq
3.30.1490.100-ff-3726	3.30.1490.100	48	94.158	8.132309941520468	low_seq
3.30.1520.10-ff-3959	3.30.1520.10	30	70.098	4.890710382513661	low_seq
3.30.160.160-ff-1341	3.30.160.160	15	85.668	22.138364779874212	low_seq
3.30.1640.10-ff-1332	3.30.1640.10	30	74.264	8.233618233618234	low_seq
3.30.1670.10-ff-13	3.30.1670.10	15	83.458	5.648148148148148	low_seq
3.30.1680.10-ff-1395	3.30.1680.10	46	81.25	4.3478260869565215	low_seq
3.30.1750.10-ff-35	3.30.1750.10	26	90.708	8.033106134371957	low_seq
3.30.1770.10-ff-13	3.30.1770.10	37	90.349	5.247966413014956	low_seq
3.30.1830.10-ff-310	3.30.1830.10	6	82.546	8.712121212121213	low_seq
3.30.1870.10-ff-359	3.30.1870.10	32	96.58	12.797619047619047	low_seq
3.30.190.20-ff-2478	3.30.190.20	43	77.048	2.108789909341742	low_seq
3.30.1930.10-ff-332	3.30.1930.10	12	97.896	15.986394557823129	low_seq
3.30.1940.10-ff-347	3.30.1940.10	41	99.045	6.236492744674282	low_seq
3.30.20.10-ff-790	3.30.20.10	7	78.688	13.151927437641723	low_seq
3.30.200.20-ff-476	3.30.200.20	45	89.969	18.35016835016835	low_seq
3.30.2060.10-ff-3206	3.30.2060.10	11	89.745	0.7070707070707071	low_seq
3.30.2120.10-ff-52	3.30.2120.10	15	97.342	22.93144208037825	low_seq
3.30.2160.10-ff-1550	3.30.2160.10	25	89.604	9.274725274725276	low_seq
3.30.2200.10-ff-11	3.30.2200.10	13	96.728	3.9160839160839163	low_seq
3.30.2240.10-ff-301	3.30.2240.10	9	82.144	11.695906432748538	low_seq
3.30.2250.10-ff-35	3.30.2250.10	14	87.543	17.755102040816325	low_seq
3.30.230.10-ff-27876	3.30.230.10	12	72.414	0.804093567251462	low_seq
3.30.2310.20-ff-4403	3.30.2310.20	10	78.995	21.132075471698112	low_seq
3.30.2350.10-ff-8647	3.30.2350.10	38	71.773	9.993475424097433	low_seq
3.30.2390.10-ff-4175	3.30.2390.10	9	73.432	17.98941798941799	low_seq
3.30.240.20-ff-2825	3.30.240.20	26	86.101	3.1376518218623484	low_seq
3.30.30.10-ff-1259	3.30.30.10	19	77.226	14.509246088193457	low_seq
3.30.300.20-ff-5020	3.30.300.20	35	82.833	9.088669950738916	low_seq
3.30.310.10-ff-1429	3.30.310.10	41	75.829	41.239650928619376	low_seq
3.30.360.10-ff-24338	3.30.360.10	44	85.252	4.706831629908553	low_seq
3.30.365.10-ff-16677	3.30.365.10	17	85.122	4.81283422459893	low_seq
3.30.370.10-ff-1108	3.30.370.10	34	97.456	30.999479437792818	low_seq
3.30.390.30-ff-7759	3.30.390.30	27	75.808	6.726266496381439	low_seq
3.30.40.10-ff-24806	3.30.40.10	21	70.784	24.63203463203463	low_seq
3.30.420.10-ff-358	3.30.420.10	27	78.909	4.506772144312597	low_seq
3.30.428.10-ff-6697	3.30.428.10	47	83.753	9.320521619766645	low_seq
3.30.43.10-ff-11937	3.30.43.10	9	80.849	5.934343434343434	low_seq
3.30.450.20-ff-50446	3.30.450.20	44	72.741	1.713859910581222	low_seq
3.30.460.10-ff-17996	3.30.460.10	25	84.473	2.8205128205128207	low_seq
3.30.465.10-ff-17132	3.30.465.10	41	90.283	12.04579392732703	low_seq
3.30.470.20-ff-3565	3.30.470.20	28	76.407	12.660619803476946	low_seq
3.30.479.10-ff-1699	3.30.479.10	26	84.977	6.763035622096025	low_seq
3.30.497.10-ff-4844	3.30.497.10	31	75.255	6.039181028133746	low_seq
3.30.50.10-ff-183	3.30.50.10	10	77.776	43.421052631578945	low_seq
3.30.500.10-ff-3461	3.30.500.10	51	90.393	2.701525054466231	low_seq
3.30.505.10-ff-4322	3.30.505.10	22	79.748	10.532150776053214	low_seq
3.30.530.20-ff-14665	3.30.530.20	36	71.398	9.799713876967095	low_seq
3.30.54.20-ff-1737	3.30.54.20	43	72.257	0.0	low_seq
3.30.540.10-ff-6504	3.30.540.10	45	94.904	15.51789077212806	low_seq
3.30.559.10-ff-22159	3.30.559.10	28	88.13	8.356790992258972	low_seq
3.30.565.10-ff-80653	3.30.565.10	30	71.771	1.873767258382643	low_seq
3.30.60.10-ff-1411	3.30.60.10	11	83.85	22.033898305084747	low_seq
3.30.63.10-ff-1757	3.30.63.10	12	78.036	2.7777777777777777	low_seq
3.30.70.100-ff-10229	3.30.70.100	31	70.857	5.942275042444821	low_seq
3.30.700.10-ff-8505	3.30.700.10	6	78.923	10.548523206751055	low_seq
3.30.710.10-ff-13384	3.30.710.10	32	71.562	8.489583333333334	low_seq
3.30.750.24-ff-8334	3.30.750.24	21	84.76	5.775075987841945	low_seq
3.30.830.10-ff-16569	3.30.830.10	35	85.842	0.5012531328320802	low_seq
3.30.860.10-ff-1764	3.30.860.10	6	82.855	8.426966292134832	low_seq
3.30.870.10-ff-12860	3.30.870.10	25	74.901	32.903703703703705	low_seq
3.30.890.10-ff-678	3.30.890.10	25	76.104	34.01418439716312	low_seq
3.30.9.10-ff-14339	3.30.9.10	25	70.894	1.3333333333333333	low_seq
3.30.900.10-ff-355	3.30.900.10	12	85.904	21.845794392523363	low_seq
3.30.930.10-ff-32418	3.30.930.10	16	83.174	13.651960784313726	low_seq
3.30.980.10-ff-6092	3.30.980.10	13	94.57	1.8181818181818181	low_seq
3.40.1000.10-ff-1764	3.40.1000.10	38	91.702	10.909812218989686	low_seq
3.40.109.10-ff-8477	3.40.109.10	8	74.701	14.969135802469136	low_seq
3.40.1110.10-ff-15533	3.40.1110.10	27	84.074	7.321274763135229	low_seq
3.40.1160.10-ff-5850	3.40.1160.10	20	75.447	5.92741935483871	low_seq
3.40.1190.10-ff-12169	3.40.1190.10	7	76.272	17.5	low_seq
3.40.120.10-ff-16634	3.40.120.10	34	80.172	16.9234360410831	low_seq
3.40.1210.10-ff-1824	3.40.1210.10	29	91.137	16.51888341543514	low_seq
3.40.1280.10-ff-12830	3.40.1280.10	35	79.325	0.8105369807497467	low_seq
3.40.1350.10-ff-7288	3.40.1350.10	9	85.734	23.11111111111111	low_seq
3.40.1370.10-ff-3728	3.40.1370.10	30	84.507	7.255813953488372	low_seq
3.40.1380.10-ff-2318	3.40.1380.10	11	91.133	5.5811277330264675	low_seq
3.40.140.10-ff-13331	3.40.140.10	39	84.81	13.42147435897436	low_seq
3.40.1440.10-ff-4927	3.40.1440.10	31	86.525	7.983056370153144	low_seq
3.40.1530.10-ff-23	3.40.1530.10	23	91.455	5.014281180577594	low_seq
3.40.1560.10-ff-1	3.40.1560.10	13	79.005	5.7109557109557105	low_seq
3.40.1570.10-ff-1655	3.40.1570.10	8	86.267	11.25	low_seq
3.40.1580.10-ff-2139	3.40.1580.10	30	82.831	21.897689768976896	low_seq
3.40.1590.10-ff-123	3.40.1590.10	9	81.502	16.790123456790123	low_seq
3.40.1600.10-ff-28	3.40.1600.10	24	84.162	7.766272189349112	low_seq
3.40.1610.10-ff-545	3.40.1610.10	14	78.268	4.6103896103896105	low_seq
3.40.1640.10-ff-587	3.40.1640.10	23	77.837	35.953177257525084	low_seq
3.40.1690.10-ff-949	3.40.1690.10	29	91.558	0.7716421509524958	low_seq
3.40.1780.10-ff-3379	3.40.1780.10	28	94.482	28.085991678224687	low_seq
3.40.1810.10-ff-218	3.40.1810.10	31	72.142	6.339084771192798	low_seq
3.40.190.10-ff-202634	3.40.190.10	30	77.651	6.537037037037037	low_seq
3.40.20.10-ff-5498	3.40.20.10	27	84.474	4.482189195564992	low_seq
3.40.210.10-ff-26	3.40.210.10	47	88.505	5.8284977433913605	low_seq
3.40.220.10-ff-5137	3.40.220.10	37	90.453	18.933768933768935	low_seq
3.40.228.10-ff-5775	3.40.228.10	31	80.525	16.517683637776916	low_seq
3.40.250.10-ff-16051	3.40.250.10	24	81.928	7.299498746867168	low_seq
3.40.30.10-ff-52045	3.40.30.10	33	89.048	7.168458781362007	low_seq
3.40.33.10-ff-4792	3.40.33.10	26	85.934	12.890247827486322	low_seq
3.40.350.10-ff-6290	3.40.350.10	40	70.208	5.318471337579618	low_seq
3.40.390.10-ff-12746	3.40.390.10	14	71.195	5.240683229813665	low_seq
3.40.47.10-ff-52472	3.40.47.10	34	94.113	39.90907838545254	low_seq
3.40.50.1000-ff-29175	3.40.50.1000	35	76.35	2.326530612244898	low_seq
3.40.570.10-ff-1268	3.40.570.10	28	75.554	10.53935860058309	low_seq
3.40.630.10-ff-34460	3.40.630.10	46	78.815	19.234557478542282	low_seq
3.40.640.10-ff-59088	3.40.640.10	19	75.787	6.698564593301436	low_seq
3.40.710.10-ff-22233	3.40.710.10	39	86.939	33.34070144414972	low_seq
3.40.720.10-ff-18925	3.40.720.10	41	87.697	10.908274726919048	low_seq
3.40.850.10-ff-4707	3.40.850.10	17	71.002	12.742665304335134	low_seq
3.40.970.30-ff-151	3.40.970.30	7	90.554	1.2422360248447204	low_seq
3.50.30.20-ff-1699	3.50.30.20	39	83.938	11.761093198218946	low_seq
3.50.50.60-ff-6375	3.50.50.60	41	73.173	56.72891606300259	low_seq
3.50.7.10-ff-3679	3.50.7.10	36	86.651	3.609447771124418	low_seq
3.50.90.10-ff-456	3.50.90.10	6	70.942	18.872549019607842	low_seq
3.55.50.10-ff-2823	3.55.50.10	15	92.42	25.97938144329897	low_seq
3.60.10.10-ff-13476	3.60.10.10	42	89.454	28.803059685412627	low_seq
3.60.130.10-ff-1113	3.60.130.10	6	72.133	26.262626262626263	low_seq
3.60.140.10-ff-3301	3.60.140.10	24	82.951	29.372791519434628	low_seq
3.60.15.10-ff-29093	3.60.15.10	34	80.033	30.446981424148607	low_seq
3.65.10.10-ff-8929	3.65.10.10	32	78.35	10.091991341991342	low_seq
3.70.10.10-ff-1405	3.70.10.10	45	78.518	5.115151515151515	low_seq
3.80.10.10-ff-343	3.80.10.10	34	76.481	24.43782576321668	low_seq
3.80.20.20-ff-3287	3.80.20.20	6	74.814	15.795586527293844	low_seq
3.90.10.10-ff-6126	3.90.10.10	34	88.443	22.941176470588236	low_seq
3.90.1020.10-ff-197	3.90.1020.10	27	94.731	16.020671834625322	low_seq
3.90.1110.10-ff-1928	3.90.1110.10	80	75.656	11.448317307692308	low_seq
3.90.1140.10-ff-2839	3.90.1140.10	35	78.972	3.2242617717478055	low_seq
3.90.1150.10-ff-78978	3.90.1150.10	28	73.226	20.68050193050193	low_seq
3.90.1170.50-ff-3466	3.90.1170.50	32	83.676	32.53038194444444	low_seq
3.90.1200.10-ff-17633	3.90.1200.10	15	72.747	21.573333333333334	low_seq
3.90.1220.10-ff-92	3.90.1220.10	26	85.995	12.244897959183673	low_seq
3.90.1280.10-ff-1157	3.90.1280.10	17	70.08	0.29411764705882354	low_seq
3.90.1340.10-ff-1955	3.90.1340.10	18	84.711	41.95156695156695	low_seq
3.90.1370.10-ff-19	3.90.1370.10	10	72.938	0.5517241379310345	low_seq
3.90.1450.10-ff-59	3.90.1450.10	37	93.642	10.355900454910357	low_seq
3.90.150.10-ff-878	3.90.150.10	49	95.478	22.17799983063765	low_seq
3.90.1570.10-ff-6324	3.90.1570.10	29	81.11	9.717868338557993	low_seq
3.90.1600.10-ff-2013	3.90.1600.10	42	92.416	21.77039132484677	low_seq
3.90.1620.10-ff-111	3.90.1620.10	37	79.786	18.51851851851852	low_seq
3.90.1630.10-ff-22	3.90.1630.10	16	81.012	23.482142857142858	low_seq
3.90.1680.10-ff-913	3.90.1680.10	28	87.379	12.459599224305107	low_seq
3.90.1690.10-ff-365	3.90.1690.10	18	93.732	38.60955927995034	low_seq
3.90.170.10-ff-2174	3.90.170.10	25	81.786	3.535483870967742	low_seq
3.90.1720.10-ff-6702	3.90.1720.10	26	81.785	27.95400475812847	low_seq
3.90.1730.10-ff-45	3.90.1730.10	19	84.355	25.317139001349528	low_seq
3.90.176.10-ff-800	3.90.176.10	51	95.804	17.424783678653647	low_seq
3.90.1780.10-ff-376	3.90.1780.10	21	80.72	39.11330049261084	low_seq
3.90.180.10-ff-23748	3.90.180.10	36	83.998	42.14328269288055	low_seq
3.90.1810.10-ff-31	3.90.1810.10	29	98.368	7.114245907349356	low_seq
3.90.190.10-ff-11534	3.90.190.10	47	91.271	12.52139887503057	low_seq
3.90.20.10-ff-3598	3.90.20.10	19	76.406	42.74927825893849	low_seq
3.90.215.10-ff-2932	3.90.215.10	37	85.436	27.56756756756757	low_seq
3.90.241.10-ff-33	3.90.241.10	43	94.205	12.73133598714994	low_seq
3.90.25.10-ff-4918	3.90.25.10	30	85.261	37.64705882352941	low_seq
3.90.310.10-ff-21	3.90.310.10	25	90.989	31.726235741444867	low_seq
3.90.320.10-ff-4759	3.90.320.10	29	73.856	30.437295318821036	low_seq
3.90.50.10-ff-2600	3.90.50.10	15	97.67	20.049382716049383	low_seq
3.90.540.10-ff-72	3.90.540.10	86	82.015	6.346216835899115	low_seq
3.90.550.10-ff-63973	3.90.550.10	29	78.004	2.270217204564977	low_seq
3.90.640.10-ff-8177	3.90.640.10	43	73.883	53.45203488372093	low_seq
3.90.650.10-ff-8856	3.90.650.10	10	74.123	11.60919540229885	low_seq
3.90.660.10-ff-2919	3.90.660.10	24	88.403	4.982363315696649	low_seq
3.90.70.10-ff-16776	3.90.70.10	41	74.105	3.906820505330802	low_seq
3.90.700.10-ff-4359	3.90.700.10	57	86.828	2.9643073200241985	low_seq
3.90.730.10-ff-1010	3.90.730.10	32	89.433	8.960308056872037	low_seq
3.90.740.10-ff-4162	3.90.740.10	32	89.637	44.59134615384615	low_seq
3.90.79.10-ff-21432	3.90.79.10	32	71.777	1.6321656050955413	low_seq
3.90.810.10-ff-728	3.90.810.10	15	78.975	31.897435897435898	low_seq
3.90.830.10-ff-263	3.90.830.10	51	92.886	8.757062146892656	low_seq
3.90.940.10-ff-1653	3.90.940.10	21	78.269	6.035437430786268	low_seq
3.90.950.10-ff-5697	3.90.950.10	12	82.855	2.3625429553264605	low_seq
3.90.960.10-ff-4061	3.90.960.10	35	86.365	11.494252873563218	low_seq
4.10.1000.10-ff-187	4.10.1000.10	10	86.204	39.55555555555556	low_seq
4.10.1030.10-ff-943	4.10.1030.10	42	93.791	5.501930501930502	low_seq
4.10.1070.10-ff-32	4.10.1070.10	21	93.776	20.444444444444443	low_seq
4.10.1080.10-ff-2874	4.10.1080.10	11	76.002	43.15684315684316	low_seq
4.10.1090.10-ff-53	4.10.1090.10	39	83.368	2.9006410256410255	low_seq
4.10.110.10-ff-747	4.10.110.10	22	73.344	14.0282131661442	low_seq
4.10.1110.10-ff-1160	4.10.1110.10	33	80.821	13.825757575757576	low_seq
4.10.1150.10-ff-301	4.10.1150.10	19	97.589	20.10145846544071	low_seq
4.10.1210.10-ff-132	4.10.1210.10	10	73.04	8.877551020408163	low_seq
4.10.1220.10-ff-566	4.10.1220.10	31	90.916	16.041848299912814	low_seq
4.10.1270.10-ff-92	4.10.1270.10	11	78.824	12.695924764890282	low_seq
4.10.1290.10-ff-75	4.10.1290.10	21	73.215	5.228758169934641	low_seq
4.10.1300.10-ff-32	4.10.1300.10	16	75.412	0.6030701754385965	low_seq
4.10.20.10-ff-1770	4.10.20.10	30	84.236	24.266666666666666	low_seq
4.10.240.10-ff-10657	4.10.240.10	24	93.521	32.63333333333333	low_seq
4.10.260.10-ff-478	4.10.260.10	35	71.056	15.878220140515223	low_seq
4.10.280.10-ff-3782	4.10.280.10	30	83.075	57.65151515151515	low_seq
4.10.320.10-ff-3895	4.10.320.10	15	84.148	15.36723163841808	low_seq
4.10.365.10-ff-269	4.10.365.10	34	77.478	12.460468058191019	low_seq
4.10.40.10-ff-40	4.10.40.10	10	77.811	1.8604651162790697	low_seq
4.10.400.10-ff-11724	4.10.400.10	40	72.358	16.904761904761905	low_seq
4.10.410.10-ff-3475	4.10.410.10	209	99.508	12.433050060701278	low_seq
4.10.450.10-ff-2363	4.10.450.10	19	79.056	1.7780938833570412	low_seq
4.10.480.10-ff-280	4.10.480.10	161	76.797	24.14732483382369	low_seq
4.10.530.10-ff-4	4.10.530.10	90	80.68	17.58047767393562	low_seq
4.10.60.10-ff-10664	4.10.60.10	35	81.702	17.07936507936508	low_seq
4.10.670.10-ff-13	4.10.670.10	35	79.752	10.212765957446809	low_seq
4.10.75.10-ff-1237	4.10.75.10	21	70.254	8.641975308641975	low_seq
4.10.8.10-ff-90	4.10.8.10	26	84.328	7.422402159244265	low_seq
4.10.80.30-ff-26	4.10.80.30	43	99.191	3.979328165374677	low_seq
4.10.800.10-ff-1289	4.10.800.10	28	84.804	17.967032967032967	low_seq
4.10.840.10-ff-73	4.10.840.10	36	75.251	19.362745098039216	low_seq
4.10.860.10-ff-4563	4.10.860.10	14	96.925	17.091836734693878	low_seq
4.10.910.10-ff-1044	4.10.910.10	9	88.011	16.0075329566855	low_seq
4.10.92.10-ff-25	4.10.92.10	45	80.626	0.9070294784580499	low_seq
4.10.950.10-ff-1437	4.10.950.10	6	74.397	7.051282051282051	low_seq
4.10.960.10-ff-1929	4.10.960.10	10	83.084	22.658227848101266	low_seq
1.10.1030.10-ff-3118	1.10.1030.10	1000	92.414	16.40174418604651	high_seq
1.10.1050.10-ff-3794	1.10.1050.10	1000	86.844	62.689795918367345	high_seq
1.10.1220.10-ff-8752	1.10.1220.10	703	91.819	8.062847536531747	high_seq
1.10.1240.20-ff-188	1.10.1240.20	530	94.487	0.13746630727762804	high_seq
1.10.1270.10-ff-1427	1.10.1270.10	530	89.36	11.135414927366838	high_seq
1.10.132.20-ff-2368	1.10.132.20	1000	95.305	30.94736842105263	high_seq
1.10.1370.10-ff-5272	1.10.1370.10	1000	87.504	47.51959334565619	high_seq
1.10.140.10-ff-26	1.10.140.10	917	76.645	2.9617097605968263	high_seq
1.10.1530.10-ff-1048	1.10.1530.10	530	75.789	31.243567753001717	high_seq
1.10.155.10-ff-1737	1.10.155.10	698	78.762	5.660731341247101	high_seq
1.10.1660.10-ff-340	1.10.1660.10	671	96.273	19.914051813894616	high_seq
1.10.1710.10-ff-249	1.10.1710.10	523	94.689	35.151992310917066	high_seq
1.10.1740.10-ff-18798	1.10.1740.10	1000	96.327	6.470542635658915	high_seq
1.10.1780.10-ff-4130	1.10.1780.10	914	93.686	6.7554811859098125	high_seq
1.10.1790.10-ff-3497	1.10.1790.10	807	94.912	11.315123107591186	high_seq
1.10.1900.20-ff-1859	1.10.1900.20	1000	86.181	56.51056338028169	high_seq
1.10.195.10-ff-154	1.10.195.10	643	92.441	16.23940199668891	high_seq
1.10.2020.10-ff-409	1.10.2020.10	1000	98.825	10.791176470588235	high_seq
1.10.220.30-ff-2892	1.10.220.30	1000	80.785	38.72037037037037	high_seq
1.10.230.10-ff-2353	1.10.230.10	1000	94.66	18.993984962406014	high_seq
1.10.274.10-ff-1648	1.10.274.10	1000	93.142	3.1153846153846154	high_seq
1.10.275.10-ff-7464	1.10.275.10	1000	88.126	0.026168224299065422	high_seq
1.10.300.10-ff-116	1.10.300.10	1000	99.299	27.069117647058825	high_seq
1.10.3080.10-ff-3017	1.10.3080.10	480	95.477	10.83459595959596	high_seq
1.10.3130.10-ff-1733	1.10.3130.10	1000	97.714	25.568229166666665	high_seq
1.10.3190.10-ff-203	1.10.3190.10	750	96.563	47.586356589147286	high_seq
1.10.3210.10-ff-5524	1.10.3210.10	922	88.105	3.0794096380417675	high_seq
1.10.3390.10-ff-199	1.10.3390.10	825	97.974	18.304362304362304	high_seq
1.10.3480.10-ff-1131	1.10.3480.10	258	97.758	17.96776995078645	high_seq
1.10.357.10-ff-35792	1.10.357.10	565	83.535	5.559667471171896	high_seq
1.10.3660.10-ff-901	1.10.3660.10	362	75.026	0.7852264323313177	high_seq
1.10.3710.10-ff-1771	1.10.3710.10	397	86.476	2.0514435186979267	high_seq
1.10.3720.10-ff-27830	1.10.3720.10	336	74.675	22.75170727205611	high_seq
1.10.375.10-ff-791	1.10.375.10	195	79.74	3.225918225918226	high_seq
1.10.3760.10-ff-867	1.10.3760.10	899	92.925	29.672700306738125	high_seq
1.10.3860.10-ff-3138	1.10.3860.10	933	98.135	10.135616947743728	high_seq
1.10.3880.10-ff-624	1.10.3880.10	1000	99.31	13.723300970873787	high_seq
1.10.3890.10-ff-286	1.10.3890.10	1000	94.882	36.35075987841945	high_seq
1.10.3900.10-ff-271	1.10.3900.10	896	99.464	2.2393644957983194	high_seq
1.10.3910.10-ff-831	1.10.3910.10	187	77.046	4.719463542992955	high_seq
1.10.3930.10-ff-317	1.10.3930.10	1000	99.706	18.46470588235294	high_seq
1.10.4000.10-ff-118	1.10.4000.10	435	86.791	9.722146800615441	high_seq
1.10.4100.10-ff-1411	1.10.4100.10	1000	87.398	23.22153846153846	high_seq
1.10.443.10-ff-21796	1.10.443.10	475	98.829	18.48477696483361	high_seq
1.10.45.10-ff-3344	1.10.45.10	1000	96.112	35.43636363636364	high_seq
1.10.455.10-ff-2008	1.10.455.10	1000	76.89	47.221575342465755	high_seq
1.10.540.10-ff-15764	1.10.540.10	1000	93.773	54.752985074626864	high_seq
1.10.601.10-ff-5823	1.10.601.10	564	83.581	66.79556071938615	high_seq
1.10.645.10-ff-4289	1.10.645.10	1000	94.895	31.462881562881563	high_seq
1.10.860.10-ff-2567	1.10.860.10	598	86.064	5.181802589829346	high_seq
1.20.1090.10-ff-6852	1.20.1090.10	564	91.887	3.201598855294264	high_seq
1.20.1130.10-ff-317	1.20.1130.10	1000	94.044	19.161311475409835	high_seq
1.20.1180.10-ff-1229	1.20.1180.10	1000	93.904	60.29171597633136	high_seq
1.20.1260.10-ff-13896	1.20.1260.10	401	87.972	5.363215338277683	high_seq
1.20.1300.10-ff-2926	1.20.1300.10	643	98.884	5.485545695727747	high_seq
1.20.1380.10-ff-131	1.20.1380.10	708	81.836	36.74423323032743	high_seq
1.20.1550.10-ff-1041	1.20.1550.10	143	80.119	25.071480243894037	high_seq
1.20.1590.10-ff-289	1.20.1590.10	783	95.485	41.92471477871331	high_seq
1.20.1600.10-ff-23302	1.20.1600.10	397	91.388	9.8863819068546	high_seq
1.20.20.10-ff-1480	1.20.20.10	1000	99.643	10.62183908045977	high_seq
1.20.210.10-ff-2060	1.20.210.10	1000	97.437	53.926839826839824	high_seq
1.20.59.10-ff-2119	1.20.59.10	599	83.539	2.75914402792533	high_seq
1.20.810.10-ff-6663	1.20.810.10	314	83.885	8.533212010919017	high_seq
1.20.950.20-ff-4183	1.20.950.20	940	82.667	0.5294636729091088	high_seq
2.10.150.10-ff-874	2.10.150.10	910	93.682	44.31394293779615	high_seq
2.10.260.10-ff-4672	2.10.260.10	1000	87.225	20.641269841269843	high_seq
2.170.40.20-ff-34004	2.170.40.20	1000	92.401	62.26889204545454	high_seq
2.30.140.10-ff-902	2.30.140.10	1000	85.16	65.111875	high_seq
2.30.170.40-ff-1543	2.30.170.40	1000	99.233	7.0024390243902435	high_seq
2.30.33.40-ff-1969	2.30.33.40	526	94.437	8.100669925764983	high_seq
2.40.150.20-ff-378	2.40.150.20	1000	82.204	0.6707317073170732	high_seq
2.40.230.20-ff-129	2.40.230.20	350	79.313	5.280200501253133	high_seq
2.40.37.10-ff-6556	2.40.37.10	1000	93.17	28.410526315789475	high_seq
2.40.440.10-ff-4054	2.40.440.10	1000	94.026	65.8729001584786	high_seq
2.40.510.10-ff-255	2.40.510.10	392	93.281	15.583311246576553	high_seq
2.50.20.10-ff-4270	2.50.20.10	1000	88.768	48.173389355742295	high_seq
2.60.169.10-ff-31	2.60.169.10	107	70.079	5.002245557005068	high_seq
2.60.300.12-ff-2632	2.60.300.12	1000	92.64	9.457264957264957	high_seq
2.60.440.10-ff-271	2.60.440.10	665	99.351	20.11518157094865	high_seq
2.60.460.10-ff-175	2.60.460.10	389	98.1	16.872626675192148	high_seq
2.70.210.12-ff-1929	2.70.210.12	744	74.812	1.8591798570760703	high_seq
2.70.70.10-ff-10583	2.70.70.10	535	85.632	4.9771471450985745	high_seq
3.10.10.10-ff-3981	3.10.10.10	454	98.436	29.257394587791065	high_seq
3.10.150.10-ff-5040	3.10.150.10	1000	98.473	42.59269406392694	high_seq
3.10.310.10-ff-9342	3.10.310.10	608	85.253	26.494714820524113	high_seq
3.10.350.10-ff-12961	3.10.350.10	567	86.752	47.91581874915208	high_seq
3.10.420.10-ff-791	3.10.420.10	1000	96.294	53.540949554896144	high_seq
3.10.560.10-ff-5205	3.10.560.10	422	78.05	0.3609868450192674	high_seq
3.10.640.10-ff-600	3.10.640.10	1000	96.927	25.89045643153527	high_seq
3.20.10.10-ff-3896	3.20.10.10	1000	98.869	16.404712041884817	high_seq
3.20.130.10-ff-48	3.20.130.10	1000	92.455	5.941791044776119	high_seq
3.20.14.10-ff-108	3.20.14.10	1000	94.71	8.989818181818181	high_seq
3.20.19.10-ff-4366	3.20.19.10	1000	93.818	34.668131868131866	high_seq
3.30.1070.10-ff-681	3.30.1070.10	1000	95.313	52.73225806451613	high_seq
3.30.1130.10-ff-4424	3.30.1130.10	1000	94.129	5.235714285714286	high_seq
3.30.1140.32-ff-1422	3.30.1140.32	1000	95.119	6.5	high_seq
3.30.1160.10-ff-192	3.30.1160.10	879	76.3	0.0	high_seq
3.30.1240.10-ff-2954	3.30.1240.10	671	90.188	7.624763362468281	high_seq
3.30.1420.10-ff-509	3.30.1420.10	1000	98.583	24.506	high_seq
3.30.1450.10-ff-1260	3.30.1450.10	466	74.185	12.057256048672357	high_seq
3.30.1480.10-ff-1172	3.30.1480.10	811	91.376	20.482930261057696	high_seq
3.30.1580.10-ff-160	3.30.1580.10	460	94.811	35.9300761990139	high_seq
3.30.1660.10-ff-916	3.30.1660.10	1000	94.081	11.708	high_seq
3.30.1820.10-ff-189	3.30.1820.10	599	99.512	5.82763990404175	high_seq
3.30.1850.10-ff-251	3.30.1850.10	935	96.967	15.654416505480336	high_seq
3.30.1910.10-ff-134	3.30.1910.10	821	99.517	6.0704306082969115	high_seq
3.30.2090.10-ff-12554	3.30.2090.10	905	96.777	17.028852056476367	high_seq
3.30.2290.10-ff-2035	3.30.2290.10	405	88.391	7.283446712018141	high_seq
3.30.280.10-ff-9	3.30.280.10	499	95.925	25.800877116551945	high_seq
3.30.387.10-ff-36	3.30.387.10	405	70.767	4.397281176307393	high_seq
3.30.413.10-ff-4979	3.30.413.10	1000	93.023	32.90577777777778	high_seq
3.30.429.10-ff-2592	3.30.429.10	1000	96.297	13.776811594202899	high_seq
3.30.590.10-ff-4336	3.30.590.10	1000	85.712	50.07591240875912	high_seq
3.30.65.10-ff-3478	3.30.65.10	1000	86.383	3.0707692307692307	high_seq
3.30.740.10-ff-599	3.30.740.10	1000	83.418	59.462272727272726	high_seq
3.30.780.10-ff-1112	3.30.780.10	1000	96.618	18.255670103092783	high_seq
3.30.910.10-ff-11	3.30.910.10	341	73.43	0.07964954201513341	high_seq
3.40.1020.10-ff-643	3.40.1020.10	1000	90.364	9.731122448979592	high_seq
3.40.1030.10-ff-3298	3.40.1030.10	1000	94.194	38.46014150943396	high_seq
3.40.1080.10-ff-5885	3.40.1080.10	1000	92.881	33.16309859154929	high_seq
3.40.1360.10-ff-6264	3.40.1360.10	1000	89.581	1.5682170542635658	high_seq
3.40.1390.20-ff-1494	3.40.1390.20	1000	99.438	4.7817567567567565	high_seq
3.40.1400.10-ff-1672	3.40.1400.10	691	86.837	2.3783336778995245	high_seq
3.40.1510.10-ff-217	3.40.1510.10	562	100.0	14.037409947053208	high_seq
3.40.1550.10-ff-2030	3.40.1550.10	1000	98.948	7.329064039408867	high_seq
3.40.1620.10-ff-2659	3.40.1620.10	234	97.188	9.304584304584305	high_seq
3.40.1630.10-ff-181	3.40.1630.10	1000	100.0	26.933333333333334	high_seq
3.40.1650.10-ff-787	3.40.1650.10	1000	99.017	29.419565217391305	high_seq
3.40.1720.10-ff-113	3.40.1720.10	415	99.723	9.580002251998648	high_seq
3.40.1760.10-ff-367	3.40.1760.10	127	93.213	10.218914943324393	high_seq
3.40.225.10-ff-3618	3.40.225.10	558	81.278	0.09502375593898475	high_seq
3.40.275.10-ff-110	3.40.275.10	1000	94.518	5.584	high_seq
3.40.309.10-ff-17530	3.40.309.10	1000	98.77	30.07797833935018	high_seq
3.40.366.10-ff-12369	3.40.366.10	1000	90.074	15.215918367346939	high_seq
3.40.430.10-ff-6529	3.40.430.10	428	77.977	0.6131317340317876	high_seq
3.40.470.10-ff-4994	3.40.470.10	1000	83.78	43.903194888178916	high_seq
3.40.5.10-ff-1769	3.40.5.10	1000	95.246	41.428260869565214	high_seq
3.40.600.10-ff-371	3.40.600.10	660	96.488	7.342223891810669	high_seq
3.40.605.10-ff-21338	3.40.605.10	1000	91.338	15.826568265682656	high_seq
3.40.718.10-ff-1308	3.40.718.10	1000	89.88	13.59474940334129	high_seq
3.40.80.10-ff-3154	3.40.80.10	1000	94.16	14.54131455399061	high_seq
3.40.800.10-ff-2199	3.40.800.10	1000	95.536	28.280324074074073	high_seq
3.40.830.10-ff-1444	3.40.830.10	459	88.252	8.084897041253777	high_seq
3.40.920.10-ff-2950	3.40.920.10	1000	96.492	42.597846153846156	high_seq
3.40.930.10-ff-606	3.40.930.10	550	70.462	1.558758314855876	high_seq
3.40.960.10-ff-2288	3.40.960.10	492	86.191	16.401937167519822	high_seq
3.40.980.10-ff-5585	3.40.980.10	1000	94.221	39.63053691275168	high_seq
3.55.30.10-ff-1147	3.55.30.10	1000	96.342	37.89825581395349	high_seq
3.60.110.10-ff-8151	3.60.110.10	1000	94.947	9.455492957746479	high_seq
3.60.20.10-ff-15757	3.60.20.10	1000	91.564	44.519807692307694	high_seq
3.60.21.10-ff-29522	3.60.21.10	877	95.003	18.12297166915183	high_seq
3.60.40.10-ff-11557	3.60.40.10	1000	89.078	64.6131195335277	high_seq
3.60.90.10-ff-1066	3.60.90.10	1000	90.046	36.73661971830986	high_seq
3.90.100.10-ff-957	3.90.100.10	1000	97.947	19.520666666666667	high_seq
3.90.1010.10-ff-2664	3.90.1010.10	334	95.726	7.450870071936664	high_seq
3.90.110.10-ff-2244	3.90.110.10	1000	93.719	22.165405405405405	high_seq
3.90.1100.10-ff-3042	3.90.1100.10	1000	93.463	15.610379746835443	high_seq
3.90.1380.10-ff-1126	3.90.1380.10	688	84.994	0.3642693080677577	high_seq
3.90.1510.10-ff-1199	3.90.1510.10	1000	92.919	17.547719298245614	high_seq
3.90.1670.10-ff-256	3.90.1670.10	673	95.119	34.58335741802986	high_seq
3.90.1800.10-ff-857	3.90.1800.10	1000	80.583	63.21842105263158	high_seq
3.90.209.20-ff-266	3.90.209.20	1000	93.796	21.59822695035461	high_seq
3.90.226.10-ff-33791	3.90.226.10	1000	91.192	20.663940520446097	high_seq
3.90.230.10-ff-9109	3.90.230.10	1000	95.11	19.459430604982206	high_seq
3.90.245.10-ff-1987	3.90.245.10	1000	87.669	48.330897009966776	high_seq
3.90.280.10-ff-2074	3.90.280.10	236	74.926	19.031231179557775	high_seq
3.90.380.10-ff-2091	3.90.380.10	1000	93.198	49.54517304189435	high_seq
3.90.45.10-ff-2971	3.90.45.10	808	89.554	41.57581981602416	high_seq
3.90.470.10-ff-2297	3.90.470.10	1000	96.757	19.054411764705883	high_seq
3.90.76.10-ff-9298	3.90.76.10	803	99.411	8.748959358207825	high_seq
3.90.780.10-ff-2219	3.90.780.10	1000	97.133	34.54862068965517	high_seq
3.90.80.10-ff-1385	3.90.80.10	1000	95.732	25.461206896551722	high_seq
3.90.850.10-ff-5329	3.90.850.10	537	73.23	0.07950955160797607	high_seq
3.90.930.12-ff-4354	3.90.930.12	1000	94.667	8.703846153846154	high_seq
4.10.430.10-ff-188	4.10.430.10	1000	97.016	7.535416666666666	high_seq
4.10.520.10-ff-4099	4.10.520.10	1000	97.977	16.110185185185184	high_seq
4.10.640.10-ff-1509	4.10.640.10	1000	89.36	59.155913978494624	high_seq
4.10.830.10-ff-1786	4.10.830.10	742	96.392	34.647837806164304	high_seq
1.10.1000.11-ff-894	1.10.1000.11	1000	94.175	23.874683544303796	with_str
1.10.101.10-ff-593	1.10.101.10	156	86.878	1.4027149321266967	with_str
1.10.1020.10-ff-812	1.10.1020.10	1000	98.229	34.3875	with_str
1.10.1090.10-ff-242	1.10.1090.10	1000	88.004	53.65983935742972	with_str
1.10.1140.10-ff-2767	1.10.1140.10	897	98.359	4.65491652474848	with_str
1.10.1160.10-ff-2827	1.10.1160.10	106	86.878	0.22197558268590456	with_str
1.10.1290.10-ff-21	1.10.1290.10	30	86.73	3.3843017329255862	with_str
1.10.1330.10-ff-775	1.10.1330.10	534	97.097	39.22710248552945	with_str
1.10.135.10-ff-370	1.10.135.10	614	97.452	31.5521981195278	with_str
1.10.1380.10-ff-361	1.10.1380.10	233	84.513	23.064415496020118	with_str
1.10.1390.10-ff-1215	1.10.1390.10	540	92.716	8.432098765432098	with_str
1.10.1400.10-ff-281	1.10.1400.10	88	76.549	2.6044607566346696	with_str
1.10.1410.10-ff-426	1.10.1410.10	878	76.8	53.82801226013429	with_str
1.10.15.30-ff-168	1.10.15.30	426	100.0	34.138552243694726	with_str
1.10.1600.10-ff-454	1.10.1600.10	555	91.722	36.33594120436226	with_str
1.10.1610.10-ff-1140	1.10.1610.10	799	95.879	39.697974115996644	with_str
1.10.1620.10-ff-224	1.10.1620.10	1000	95.257	19.506451612903227	with_str
1.10.1630.10-ff-28	1.10.1630.10	215	74.304	22.255495380694487	with_str
1.10.1650.10-ff-262	1.10.1650.10	1000	90.972	20.179710144927537	with_str
1.10.167.10-ff-1738	1.10.167.10	138	70.474	11.304347826086957	with_str
1.10.1690.10-ff-505	1.10.1690.10	991	96.917	19.356750436467895	with_str
1.10.170.10-ff-81	1.10.170.10	69	99.266	3.2682638272700384	with_str
1.10.1760.10-ff-179	1.10.1760.10	1000	78.661	65.66873786407767	with_str
1.10.1810.10-ff-38	1.10.1810.10	92	99.667	2.5637996219281662	with_str
1.10.1820.10-ff-331	1.10.1820.10	1000	90.53	60.645255474452554	with_str
1.10.1840.10-ff-41	1.10.1840.10	419	94.036	23.60893283327651	with_str
1.10.1870.10-ff-249	1.10.1870.10	367	93.219	25.983731367206282	with_str
1.10.2010.10-ff-151	1.10.2010.10	283	93.756	24.010054278532657	with_str
1.10.2090.10-ff-209	1.10.2090.10	294	99.561	15.696718247738655	with_str
1.10.239.10-ff-38	1.10.239.10	62	72.31	1.9550342130987293	with_str
1.10.245.10-ff-861	1.10.245.10	125	77.534	26.761290322580646	with_str
1.10.268.10-ff-3062	1.10.268.10	1000	89.147	67.15371621621621	with_str
1.10.269.10-ff-26	1.10.269.10	43	93.061	22.12093023255814	with_str
1.10.285.10-ff-793	1.10.285.10	107	91.571	33.771778008538135	with_str
1.10.288.10-ff-94	1.10.288.10	114	78.477	14.764715527135596	with_str
1.10.3030.10-ff-13	1.10.3030.10	49	98.063	5.069474598349978	with_str
1.10.3070.10-ff-47	1.10.3070.10	62	97.849	11.416151910318005	with_str
1.10.3140.10-ff-347	1.10.3140.10	45	97.64	7.777777777777778	with_str
1.10.3170.10-ff-375	1.10.3170.10	710	95.52	0.6740442655935613	with_str
1.10.3180.10-ff-81	1.10.3180.10	300	86.086	8.164444444444445	with_str
1.10.3260.10-ff-1297	1.10.3260.10	282	93.191	13.700423096825253	with_str
1.10.3270.10-ff-393	1.10.3270.10	247	88.864	5.111336032388664	with_str
1.10.3290.10-ff-3947	1.10.3290.10	145	96.389	26.341656757827984	with_str
1.10.3300.10-ff-1405	1.10.3300.10	1000	88.947	52.70775401069519	with_str
1.10.3330.10-ff-645	1.10.3330.10	1000	85.881	37.20716981132075	with_str
1.10.3340.10-ff-449	1.10.3340.10	1000	94.76	25.113636363636363	with_str
1.10.3350.10-ff-81	1.10.3350.10	115	96.324	23.90107698444356	with_str
1.10.3360.10-ff-941	1.10.3360.10	589	95.053	34.25328095373824	with_str
1.10.3380.10-ff-1037	1.10.3380.10	261	94.866	10.254533030724552	with_str
1.10.3430.10-ff-3400	1.10.3430.10	215	93.182	15.860816589537812	with_str
1.10.3470.10-ff-21766	1.10.3470.10	1000	92.576	62.56022167487685	with_str
1.10.3520.10-ff-418	1.10.3520.10	95	86.74	2.8237259816207185	with_str
1.10.3530.10-ff-65	1.10.3530.10	129	96.358	12.2073447654843	with_str
1.10.3540.10-ff-400	1.10.3540.10	555	95.007	37.16631104789	with_str
1.10.3560.10-ff-115	1.10.3560.10	276	95.058	9.606345475910693	with_str
1.10.3600.10-ff-89	1.10.3600.10	54	81.194	10.246012435793459	with_str
1.10.3620.10-ff-201	1.10.3620.10	477	93.639	51.75531076937992	with_str
1.10.3630.10-ff-298	1.10.3630.10	404	82.894	30.444820797869262	with_str
1.10.3730.10-ff-2034	1.10.3730.10	1000	92.382	22.18045112781955	with_str
1.10.3750.10-ff-97	1.10.3750.10	260	98.152	33.16105769230769	with_str
1.10.3810.10-ff-4393	1.10.3810.10	1000	89.216	55.24504716981132	with_str
1.10.390.10-ff-5122	1.10.390.10	889	87.165	45.73461822426836	with_str
1.10.3950.10-ff-98	1.10.3950.10	129	98.635	28.030023378860587	with_str
1.10.3970.10-ff-546	1.10.3970.10	143	91.245	22.982572982572982	with_str
1.10.4020.10-ff-821	1.10.4020.10	127	80.351	3.5761154855643045	with_str
1.10.4040.10-ff-1639	1.10.4040.10	1000	97.956	23.926153846153845	with_str
1.10.405.10-ff-898	1.10.405.10	154	92.974	3.816466552315609	with_str
1.10.4050.10-ff-1511	1.10.4050.10	1000	97.797	27.991447368421053	with_str
1.10.4080.10-ff-1274	1.10.4080.10	106	84.711	15.70462944952344	with_str
1.10.4090.10-ff-111	1.10.4090.10	486	93.108	42.26085495926766	with_str
1.10.4120.10-ff-18	1.10.4120.10	78	94.15	12.272970085470085	with_str
1.10.439.10-ff-648	1.10.439.10	151	87.405	4.341002181985224	with_str
1.10.440.10-ff-410	1.10.440.10	160	96.395	18.464506172839506	with_str
1.10.442.10-ff-308	1.10.442.10	622	95.94	22.814966384098216	with_str
1.10.486.10-ff-4490	1.10.486.10	1000	98.802	23.313744075829383	with_str
1.10.506.10-ff-1273	1.10.506.10	300	90.485	9.665880503144654	with_str
1.10.532.10-ff-77	1.10.532.10	99	76.608	16.379481085363437	with_str
1.10.575.10-ff-565	1.10.575.10	54	74.247	0.804190644828095	with_str
1.10.579.10-ff-2200	1.10.579.10	227	87.997	24.581947316371483	with_str
1.10.590.10-ff-159	1.10.590.10	170	91.246	14.981434434238812	with_str
1.10.640.10-ff-1593	1.10.640.10	435	91.45	10.997378503730591	with_str
1.10.790.10-ff-74	1.10.790.10	284	88.993	15.337215601300109	with_str
1.10.800.10-ff-550	1.10.800.10	1000	83.557	65.41621872103799	with_str
1.10.820.10-ff-41	1.10.820.10	408	93.415	26.143341952165482	with_str
1.10.880.10-ff-669	1.10.880.10	118	83.207	1.7984934086629	with_str
1.10.950.10-ff-368	1.10.950.10	1000	95.547	40.38545454545454	with_str
1.20.1000.10-ff-1782	1.20.1000.10	296	90.09	22.75346870935106	with_str
1.20.1020.10-ff-326	1.20.1020.10	399	75.89	20.128335021952044	with_str
1.20.1060.10-ff-2068	1.20.1060.10	1000	96.038	8.470866141732284	with_str
1.20.1110.10-ff-14619	1.20.1110.10	1000	87.882	36.513543599257886	with_str
1.20.1120.10-ff-55	1.20.1120.10	91	85.605	31.543013199817935	with_str
1.20.1150.12-ff-170	1.20.1150.12	216	88.507	31.602809706257982	with_str
1.20.1160.11-ff-873	1.20.1160.11	343	93.893	1.7376093294460642	with_str
1.20.1170.10-ff-25957	1.20.1170.10	49	81.539	1.6532428995337007	with_str
1.20.1200.10-ff-1240	1.20.1200.10	232	90.696	30.01772803114572	with_str
1.20.1220.12-ff-820	1.20.1220.12	1000	87.115	17.647398843930635	with_str
1.20.1240.10-ff-139	1.20.1240.10	380	94.4	21.487701666225867	with_str
1.20.1290.10-ff-6231	1.20.1290.10	1000	84.804	27.91393442622951	with_str
1.20.1340.10-ff-673	1.20.1340.10	676	86.55	39.523735373937804	with_str
1.20.1370.10-ff-523	1.20.1370.10	318	97.2	29.75313624592204	with_str
1.20.1390.10-ff-682	1.20.1390.10	338	94.291	12.178751214342489	with_str
1.20.1410.10-ff-435	1.20.1410.10	388	78.387	37.43556701030928	with_str
1.20.142.10-ff-408	1.20.142.10	1000	86.681	64.32401215805471	with_str
1.20.1420.10-ff-731	1.20.1420.10	223	72.99	12.164243330162613	with_str
1.20.1450.10-ff-11	1.20.1450.10	395	94.958	30.90760006149746	with_str
1.20.1480.20-ff-35	1.20.1480.20	453	91.502	7.809854476092501	with_str
1.20.1530.10-ff-1136	1.20.1530.10	1000	90.317	56.93052884615385	with_str
1.20.1570.10-ff-383	1.20.1570.10	781	98.329	8.075283119724526	with_str
1.20.1690.10-ff-949	1.20.1690.10	1000	89.207	54.28304347826087	with_str
1.20.190.10-ff-340	1.20.190.10	31	70.171	1.5451341827053402	with_str
1.20.245.10-ff-252	1.20.245.10	99	90.406	14.299109235818097	with_str
1.20.272.10-ff-6792	1.20.272.10	1000	94.317	15.202459016393442	with_str
1.20.840.10-ff-121	1.20.840.10	103	77.556	2.593340718055646	with_str
1.20.860.20-ff-118	1.20.860.20	264	90.999	20.075757575757574	with_str
1.20.890.30-ff-345	1.20.890.30	64	99.09	1.638719512195122	with_str
1.20.90.10-ff-1899	1.20.90.10	253	93.847	39.15502014108213	with_str
1.20.91.20-ff-230	1.20.91.20	270	82.689	40.74356799547639	with_str
1.20.910.10-ff-2929	1.20.910.10	182	73.604	7.8119461183977315	with_str
1.20.990.10-ff-1229	1.20.990.10	185	79.417	37.601351351351354	with_str
1.25.20.10-ff-1955	1.25.20.10	425	93.969	3.0091223655237496	with_str
1.25.50.10-ff-504	1.25.50.10	939	96.326	9.698830901029268	with_str
2.10.160.10-ff-11	2.10.160.10	174	79.265	12.528735632183908	with_str
2.10.210.10-ff-71	2.10.210.10	55	87.246	7.2027972027972025	with_str
2.10.240.10-ff-921	2.10.240.10	150	73.357	0.803030303030303	with_str
2.10.250.10-ff-191	2.10.250.10	273	95.533	5.773475972151469	with_str
2.10.310.10-ff-796	2.10.310.10	114	93.732	12.635311683463978	with_str
2.10.55.10-ff-230	2.10.55.10	454	92.044	28.841409691629956	with_str
2.10.69.10-ff-225	2.10.69.10	325	89.773	43.238591916558015	with_str
2.10.77.10-ff-116	2.10.77.10	182	81.065	15.203193033381712	with_str
2.102.20.10-ff-124	2.102.20.10	282	97.314	14.663964876730834	with_str
2.102.30.10-ff-105	2.102.30.10	234	96.125	17.30411115885976	with_str
2.150.10.10-ff-18156	2.150.10.10	153	86.081	19.082986730045555	with_str
2.170.11.10-ff-199	2.170.11.10	1000	96.803	23.16931818181818	with_str
2.170.14.10-ff-21	2.170.14.10	155	93.898	5.267882187938289	with_str
2.170.180.11-ff-253	2.170.180.11	90	93.498	24.702380952380953	with_str
2.170.190.11-ff-2548	2.170.190.11	1000	97.341	21.31404958677686	with_str
2.170.200.10-ff-325	2.170.200.10	379	89.921	41.14065354170895	with_str
2.170.210.10-ff-198	2.170.210.10	113	85.305	28.885591648561284	with_str
2.170.240.10-ff-110	2.170.240.10	1000	85.865	36.99025069637883	with_str
2.170.260.10-ff-1007	2.170.260.10	1000	73.882	50.43076923076923	with_str
2.170.270.10-ff-5010	2.170.270.10	63	92.125	8.962642295975629	with_str
2.170.280.10-ff-280	2.170.280.10	110	93.702	21.14861186717474	with_str
2.170.290.10-ff-53	2.170.290.10	61	78.473	2.148457387231443	with_str
2.170.300.10-ff-7750	2.170.300.10	171	80.756	6.036069193963931	with_str
2.170.9.10-ff-213	2.170.9.10	214	93.911	35.054813569187985	with_str
2.20.110.10-ff-8936	2.20.110.10	130	88.001	8.114316239316238	with_str
2.20.130.10-ff-109	2.20.130.10	161	92.966	29.229963331587218	with_str
2.20.140.10-ff-671	2.20.140.10	1000	82.886	68.25275229357798	with_str
2.20.150.10-ff-914	2.20.150.10	207	76.386	22.891770489024495	with_str
2.20.160.10-ff-13	2.20.160.10	41	79.111	11.373555840821567	with_str
2.20.180.10-ff-215	2.20.180.10	390	88.46	38.639721860060845	with_str
2.20.28.10-ff-5575	2.20.28.10	178	80.075	15.24514811031665	with_str
2.20.60.10-ff-34	2.20.60.10	70	84.783	10.136054421768707	with_str
2.20.80.10-ff-402	2.20.80.10	67	96.629	14.658337704449002	with_str
2.30.160.11-ff-67	2.30.160.11	90	94.92	4.94949494949495	with_str
2.30.18.10-ff-280	2.30.18.10	832	100.0	33.18810096153846	with_str
2.30.180.10-ff-3864	2.30.180.10	88	70.027	9.604607721046078	with_str
2.30.220.10-ff-86	2.30.220.10	103	99.132	28.48884606833173	with_str
2.30.250.10-ff-806	2.30.250.10	44	73.361	10.284499672988881	with_str
2.30.270.10-ff-613	2.30.270.10	1000	89.042	67.36084905660377	with_str
2.30.280.10-ff-340	2.30.280.10	1000	81.457	72.71590612777054	with_str
2.30.31.10-ff-392	2.30.31.10	225	85.753	33.93798449612403	with_str
2.30.330.10-ff-1682	2.30.330.10	1000	97.465	31.42313432835821	with_str
2.30.34.10-ff-312	2.30.34.10	128	99.751	11.024305555555555	with_str
2.30.36.70-ff-88	2.30.36.70	369	98.179	21.16127544254166	with_str
2.40.100.10-ff-2244	2.40.100.10	560	85.933	46.766774891774894	with_str
2.40.15.10-ff-62	2.40.15.10	81	95.321	18.200523756079313	with_str
2.40.155.10-ff-20217	2.40.155.10	135	89.172	10.775105001909125	with_str
2.40.180.10-ff-1815	2.40.180.10	1000	97.097	42.34886934673367	with_str
2.40.220.10-ff-48	2.40.220.10	182	92.91	12.392072213500786	with_str
2.40.250.10-ff-47	2.40.250.10	261	82.927	42.3164543854199	with_str
2.40.290.10-ff-1131	2.40.290.10	264	91.227	12.121212121212121	with_str
2.40.300.10-ff-72	2.40.300.10	52	74.434	2.613412228796844	with_str
2.40.340.10-ff-2097	2.40.340.10	396	81.476	14.180966289400024	with_str
2.40.350.10-ff-247	2.40.350.10	609	92.38	58.90778779523087	with_str
2.40.410.10-ff-91	2.40.410.10	151	98.323	14.304635761589404	with_str
2.40.420.10-ff-353	2.40.420.10	397	91.922	38.4421623716334	with_str
2.40.430.10-ff-107	2.40.430.10	158	88.604	2.376933895921238	with_str
2.40.460.10-ff-234	2.40.460.10	1000	99.101	22.94578313253012	with_str
2.60.11.10-ff-240	2.60.11.10	1000	89.728	49.035106382978725	with_str
2.60.110.10-ff-913	2.60.110.10	1000	89.388	62.56417112299465	with_str
2.60.130.10-ff-2051	2.60.130.10	1000	97.841	16.590943396226415	with_str
2.60.175.10-ff-2118	2.60.175.10	474	94.324	29.042434059231706	with_str
2.60.310.10-ff-147	2.60.310.10	70	99.775	14.893138357705286	with_str
2.60.370.10-ff-342	2.60.370.10	1000	84.919	50.82967032967033	with_str
2.60.390.10-ff-119	2.60.390.10	305	96.169	26.244548052338697	with_str
2.60.470.10-ff-1194	2.60.470.10	140	78.01	24.8432944606414	with_str
2.60.480.10-ff-204	2.60.480.10	517	97.206	30.665293683815037	with_str
2.60.490.10-ff-346	2.60.490.10	745	82.048	60.09292720702117	with_str
2.60.9.10-ff-99	2.60.9.10	280	92.987	24.62406015037594	with_str
2.60.90.10-ff-133	2.60.90.10	348	96.013	33.86048355132778	with_str
2.70.100.10-ff-274	2.70.100.10	1000	83.62	49.99327036599764	with_str
2.70.170.10-ff-2358	2.70.170.10	610	86.857	42.077991691606734	with_str
2.70.180.10-ff-140	2.70.180.10	430	97.391	12.50352360817477	with_str
2.70.240.10-ff-80	2.70.240.10	192	89.045	10.586538461538462	with_str
2.70.50.30-ff-320	2.70.50.30	1000	85.541	59.849433106575965	with_str
3.10.120.10-ff-3857	3.10.120.10	1000	81.813	49.44951923076923	with_str
3.10.170.10-ff-614	3.10.170.10	1000	96.045	57.60746666666667	with_str
3.10.180.10-ff-25296	3.10.180.10	250	70.545	2.1536231884057973	with_str
3.10.200.10-ff-1430	3.10.200.10	1000	93.651	43.28650442477876	with_str
3.10.260.10-ff-466	3.10.260.10	1000	85.717	53.97950530035336	with_str
3.10.270.10-ff-953	3.10.270.10	1000	96.48	46.09190647482014	with_str
3.10.300.10-ff-879	3.10.300.10	1000	80.895	67.65032467532467	with_str
3.10.320.10-ff-3764	3.10.320.10	1000	90.63	52.89193548387097	with_str
3.10.340.11-ff-155	3.10.340.11	167	92.554	10.490469442793803	with_str
3.10.390.10-ff-1124	3.10.390.10	719	85.194	52.915806184234555	with_str
3.10.400.10-ff-780	3.10.400.10	1000	95.492	44.97845117845118	with_str
3.10.430.100-ff-2067	3.10.430.100	1000	98.362	34.22686567164179	with_str
3.10.440.10-ff-442	3.10.440.10	1000	89.961	56.145019920318724	with_str
3.10.490.10-ff-2481	3.10.490.10	1000	95.584	66.29748110831234	with_str
3.10.510.10-ff-87	3.10.510.10	180	95.109	15.827886710239651	with_str
3.10.540.10-ff-534	3.10.540.10	1000	96.018	62.50087336244542	with_str
3.10.570.10-ff-308	3.10.570.10	720	94.534	45.37156127188282	with_str
3.10.600.10-ff-560	3.10.600.10	1000	98.702	18.55663716814159	with_str
3.10.620.10-ff-71	3.10.620.10	50	82.955	8.836363636363636	with_str
3.10.630.10-ff-479	3.10.630.10	824	96.019	16.700401385982367	with_str
3.10.650.10-ff-104	3.10.650.10	133	80.727	7.0843776106934	with_str
3.10.660.10-ff-416	3.10.660.10	75	89.657	13.454545454545455	with_str
3.20.100.10-ff-178	3.20.100.10	166	94.41	31.56600484009472	with_str
3.20.110.10-ff-2809	3.20.110.10	793	73.678	53.22308262624598	with_str
3.20.120.10-ff-86	3.20.120.10	218	92.433	22.5604670558799	with_str
3.20.140.10-ff-1625	3.20.140.10	1000	94.828	43.62450704225352	with_str
3.20.160.10-ff-331	3.20.160.10	717	99.105	34.70546029135528	with_str
3.20.190.10-ff-2369	3.20.190.10	1000	89.756	71.4008658008658	with_str
3.20.200.10-ff-309	3.20.200.10	302	84.034	28.754689019589684	with_str
3.20.80.10-ff-3304	3.20.80.10	210	99.499	5.144609991235758	with_str
3.20.90.10-ff-495	3.20.90.10	1000	88.214	70.82463928967813	with_str
3.30.10.10-ff-343	3.30.10.10	563	98.711	37.5087587791484	with_str
3.30.1010.10-ff-1841	3.30.1010.10	1000	86.783	62.001481481481484	with_str
3.30.1020.10-ff-1923	3.30.1020.10	1000	96.814	24.841573033707864	with_str
3.30.1030.10-ff-317	3.30.1030.10	668	98.26	14.89123522865773	with_str
3.30.1050.10-ff-2018	3.30.1050.10	90	83.619	12.516339869281046	with_str
3.30.1110.10-ff-280	3.30.1110.10	998	93.224	37.35070140280561	with_str
3.30.1220.10-ff-2009	3.30.1220.10	104	83.361	1.703063885267275	with_str
3.30.1250.10-ff-409	3.30.1250.10	950	75.817	53.30671506352087	with_str
3.30.1310.10-ff-1964	3.30.1310.10	1000	94.173	53.417256637168144	with_str
3.30.1320.10-ff-1741	3.30.1320.10	170	79.279	42.179621848739494	with_str
3.30.1350.10-ff-75	3.30.1350.10	192	98.583	9.572916666666666	with_str
3.30.1400.10-ff-222	3.30.1400.10	676	93.02	14.543325952009294	with_str
3.30.1410.10-ff-17	3.30.1410.10	102	70.709	7.226261291033267	with_str
3.30.1430.10-ff-372	3.30.1430.10	1000	92.145	35.04153005464481	with_str
3.30.1440.10-ff-2266	3.30.1440.10	1000	83.063	63.90973630831643	with_str
3.30.1470.10-ff-83	3.30.1470.10	361	94.112	16.90580058719127	with_str
3.30.1550.10-ff-1224	3.30.1550.10	1000	94.951	36.81811023622047	with_str
3.30.1560.10-ff-56	3.30.1560.10	1000	78.656	55.34307692307692	with_str
3.30.1590.10-ff-261	3.30.1590.10	1000	95.333	67.14564564564564	with_str
3.30.170.10-ff-202	3.30.170.10	1000	89.767	65.07984790874525	with_str
3.30.1700.10-ff-994	3.30.1700.10	1000	97.801	44.31764705882353	with_str
3.30.1740.10-ff-420	3.30.1740.10	118	78.4	2.842357882105895	with_str
3.30.1780.10-ff-1447	3.30.1780.10	57	88.798	18.215994531784006	with_str
3.30.1840.10-ff-1201	3.30.1840.10	1000	94.826	39.03459915611814	with_str
3.30.1860.10-ff-195	3.30.1860.10	398	89.161	34.29478473448323	with_str
3.30.1980.10-ff-239	3.30.1980.10	554	99.785	25.55519089815119	with_str
3.30.2000.10-ff-390	3.30.2000.10	189	95.867	37.72535763276504	with_str
3.30.2010.10-ff-4972	3.30.2010.10	1000	98.962	25.38849557522124	with_str
3.30.2020.10-ff-847	3.30.2020.10	1000	98.086	65.52782608695652	with_str
3.30.2030.10-ff-89	3.30.2030.10	187	97.546	14.52594760030942	with_str
3.30.210.10-ff-581	3.30.210.10	127	78.751	27.872408806042102	with_str
3.30.2190.10-ff-158	3.30.2190.10	295	97.653	6.3874492225801935	with_str
3.30.2230.10-ff-837	3.30.2230.10	299	97.291	30.217942592524533	with_str
3.30.2260.10-ff-100	3.30.2260.10	510	95.104	25.350762527233115	with_str
3.30.2320.20-ff-1663	3.30.2320.20	606	95.587	47.13084211646971	with_str
3.30.2340.10-ff-968	3.30.2340.10	1000	92.073	45.59433198380567	with_str
3.30.2370.10-ff-55	3.30.2370.10	95	93.441	22.781954887218046	with_str
3.30.2380.10-ff-262	3.30.2380.10	414	87.783	55.640125580694864	with_str
3.30.2410.10-ff-1867	3.30.2410.10	317	91.453	15.504731861198739	with_str
3.30.2420.10-ff-735	3.30.2420.10	103	91.61	2.071197411003236	with_str
3.30.2430.10-ff-11	3.30.2430.10	69	76.777	13.131518352973046	with_str
3.30.250.10-ff-1878	3.30.250.10	1000	98.351	48.909701492537316	with_str
3.30.260.10-ff-2157	3.30.260.10	1000	95.922	26.54774774774775	with_str
3.30.342.10-ff-1148	3.30.342.10	312	80.529	23.86139501524117	with_str
3.30.350.10-ff-304	3.30.350.10	764	95.115	56.12061600473176	with_str
3.30.379.10-ff-2331	3.30.379.10	152	97.811	1.6087582236842106	with_str
3.30.386.10-ff-164	3.30.386.10	527	96.617	34.17784466400576	with_str
3.30.430.10-ff-132	3.30.430.10	213	95.308	40.02937550817006	with_str
3.30.457.10-ff-307	3.30.457.10	331	82.233	5.50280535174795	with_str
3.30.499.10-ff-6767	3.30.499.10	1000	75.475	0.0171875	with_str
3.30.519.10-ff-698	3.30.519.10	59	71.046	10.404172099087353	with_str
3.30.56.10-ff-2314	3.30.56.10	1000	98.438	23.057731958762886	with_str
3.30.572.10-ff-1772	3.30.572.10	1000	92.592	55.84953271028037	with_str
3.30.62.10-ff-2916	3.30.62.10	1000	97.095	28.839234449760767	with_str
3.30.66.10-ff-156	3.30.66.10	45	88.245	8.784313725490197	with_str
3.30.720.10-ff-356	3.30.720.10	382	77.48	63.23118612314538	with_str
3.30.730.10-ff-1969	3.30.730.10	1000	93.457	44.88818181818182	with_str
3.30.760.10-ff-659	3.30.760.10	1000	88.308	71.21295180722892	with_str
3.30.800.10-ff-686	3.30.800.10	461	90.785	26.632508040990352	with_str
3.30.810.10-ff-1088	3.30.810.10	1000	88.332	78.71016691957512	with_str
3.30.920.10-ff-480	3.30.920.10	933	91.533	59.69602726969234	with_str
3.30.950.10-ff-7346	3.30.950.10	339	98.383	8.896040046482524	with_str
3.30.960.10-ff-215	3.30.960.10	1000	76.967	45.13760330578513	with_str
3.30.990.10-ff-139	3.30.990.10	154	86.477	16.81728409839009	with_str
3.40.10.10-ff-1327	3.40.10.10	1000	86.671	34.011607142857144	with_str
3.40.1010.10-ff-7297	3.40.1010.10	1000	98.893	21.658	with_str
3.40.1050.10-ff-2359	3.40.1050.10	114	80.588	12.14242502808746	with_str
3.40.1060.10-ff-4032	3.40.1060.10	1000	81.856	6.607692307692307	with_str
3.40.1090.10-ff-6563	3.40.1090.10	906	84.096	64.64140370749372	with_str
3.40.1120.10-ff-333	3.40.1120.10	1000	84.91	38.00192307692308	with_str
3.40.1130.10-ff-8001	3.40.1130.10	166	86.372	24.098063563445983	with_str
3.40.1140.10-ff-1067	3.40.1140.10	239	70.983	31.985294117647058	with_str
3.40.1170.10-ff-1864	3.40.1170.10	694	91.51	49.08173489097538	with_str
3.40.1180.10-ff-2844	3.40.1180.10	1000	88.75	59.38539898132428	with_str
3.40.1260.10-ff-2893	3.40.1260.10	1000	92.044	49.909745762711864	with_str
3.40.1310.10-ff-274	3.40.1310.10	944	98.037	11.745476759904337	with_str
3.40.1340.10-ff-222	3.40.1340.10	930	88.609	50.22819593787336	with_str
3.40.1410.10-ff-4684	3.40.1410.10	1000	93.801	55.31063829787234	with_str
3.40.1450.10-ff-1339	3.40.1450.10	1000	93.69	29.295731707317074	with_str
3.40.1460.10-ff-211	3.40.1460.10	90	87.947	30.159574468085108	with_str
3.40.1480.10-ff-607	3.40.1480.10	1000	93.546	51.74842406876791	with_str
3.40.1490.10-ff-750	3.40.1490.10	1000	87.723	50.460593220338986	with_str
3.40.1500.10-ff-948	3.40.1500.10	1000	84.369	56.71028571428572	with_str
3.40.1520.10-ff-301	3.40.1520.10	639	94.525	19.581574745893995	with_str
3.40.1540.10-ff-17	3.40.1540.10	112	86.805	14.060655253837073	with_str
3.40.1670.10-ff-944	3.40.1670.10	1000	71.463	18.602758620689656	with_str
3.40.1680.10-ff-87	3.40.1680.10	95	96.34	16.716791979949875	with_str
3.40.1700.10-ff-993	3.40.1700.10	1000	97.439	4.099295774647888	with_str
3.40.1730.10-ff-382	3.40.1730.10	469	93.24	45.239899126557205	with_str
3.40.1770.10-ff-932	3.40.1770.10	1000	95.27	21.81042780748663	with_str
3.40.1790.10-ff-511	3.40.1790.10	1000	95.413	20.975979112271542	with_str
3.40.1820.10-ff-88	3.40.1820.10	399	94.631	18.061061745272273	with_str
3.40.1830.10-ff-422	3.40.1830.10	369	98.88	1.5776752362118216	with_str
3.40.198.10-ff-42	3.40.198.10	21	80.692	7.198748043818466	with_str
3.40.367.20-ff-1726	3.40.367.20	1000	97.324	22.52674418604651	with_str
3.40.395.10-ff-85	3.40.395.10	235	96.214	4.999005766553987	with_str
3.40.420.10-ff-228	3.40.420.10	649	94.191	53.25987571750284	with_str
3.40.440.10-ff-3574	3.40.440.10	1000	82.919	32.06743119266055	with_str
3.40.449.10-ff-1486	3.40.449.10	1000	93.869	32.97641196013289	with_str
3.40.462.10-ff-392	3.40.462.10	758	87.793	57.28647744739227	with_str
3.40.525.10-ff-3454	3.40.525.10	1000	78.249	61.88526490066225	with_str
3.40.532.10-ff-576	3.40.532.10	1000	83.524	70.86173800259404	with_str
3.40.580.10-ff-12	3.40.580.10	79	92.588	6.87291504821094	with_str
3.40.91.20-ff-175	3.40.91.20	45	88.171	24.13533834586466	with_str
3.40.910.10-ff-602	3.40.910.10	1000	88.628	55.12058011049724	with_str
3.40.950.10-ff-1020	3.40.950.10	168	92.413	12.534121929026387	with_str
3.50.100.10-ff-237	3.50.100.10	420	94.247	42.47093023255814	with_str
3.50.20.10-ff-203	3.50.20.10	257	94.844	48.2449024487495	with_str
3.50.4.10-ff-2953	3.50.4.10	52	87.527	2.618164967562558	with_str
3.50.40.10-ff-2838	3.50.40.10	1000	87.423	55.18638392857143	with_str
3.50.70.10-ff-505	3.50.70.10	197	88.384	35.90689612479881	with_str
3.50.80.10-ff-1827	3.50.80.10	1000	86.9	51.27095709570957	with_str
3.60.100.10-ff-37	3.60.100.10	64	83.741	36.63433908045977	with_str
3.60.120.10-ff-4386	3.60.120.10	716	94.439	25.649755465774874	with_str
3.60.150.10-ff-284	3.60.150.10	517	77.29	0.27894765629273094	with_str
3.60.60.10-ff-1957	3.60.60.10	843	97.791	26.104720130210488	with_str
3.60.70.12-ff-2253	3.60.70.12	1000	91.024	56.95920303605313	with_str
3.60.9.10-ff-384	3.60.9.10	118	89.462	13.433772755806654	with_str
3.75.10.10-ff-2605	3.75.10.10	121	76.193	3.5303629177146965	with_str
3.80.30.20-ff-6747	3.80.30.20	1000	87.364	43.65510688836105	with_str
3.90.1030.10-ff-1525	3.90.1030.10	82	87.457	26.56013456686291	with_str
3.90.105.10-ff-3761	3.90.105.10	227	97.968	2.7050003864286265	with_str
3.90.1070.10-ff-360	3.90.1070.10	251	98.488	19.752316037056595	with_str
3.90.1160.10-ff-87	3.90.1160.10	65	98.429	10.925684485006519	with_str
3.90.1180.10-ff-2127	3.90.1180.10	1000	76.947	46.70948905109489	with_str
3.90.120.10-ff-3555	3.90.120.10	121	96.663	11.646301272625868	with_str
3.90.1210.10-ff-2412	3.90.1210.10	109	94.878	20.624782255254907	with_str
3.90.1240.10-ff-29	3.90.1240.10	189	96.104	25.165399121993445	with_str
3.90.1260.10-ff-1533	3.90.1260.10	1000	81.959	4.223255813953489	with_str
3.90.1290.10-ff-1257	3.90.1290.10	763	97.264	37.6605504587156	with_str
3.90.1300.10-ff-7657	3.90.1300.10	1000	95.192	52.478621378621376	with_str
3.90.132.10-ff-491	3.90.132.10	883	94.869	34.994337485843715	with_str
3.90.1330.10-ff-214	3.90.1330.10	420	96.414	19.64720194647202	with_str
3.90.1400.10-ff-20	3.90.1400.10	1000	93.312	2.547972972972973	with_str
3.90.1410.10-ff-3078	3.90.1410.10	133	95.032	15.4696600656571	with_str
3.90.1420.10-ff-684	3.90.1420.10	143	75.836	3.88986013986014	with_str
3.90.1430.10-ff-878	3.90.1430.10	503	92.333	0.47007673584660264	with_str
3.90.1440.10-ff-1635	3.90.1440.10	391	91.709	24.367007672634273	with_str
3.90.1460.10-ff-1	3.90.1460.10	114	85.719	6.08015135878913	with_str
3.90.1470.10-ff-196	3.90.1470.10	666	95.529	1.1667917917917918	with_str
3.90.148.10-ff-37	3.90.148.10	54	78.968	30.209933435739888	with_str
3.90.15.10-ff-536	3.90.15.10	1000	79.138	60.74585253456221	with_str
3.90.1530.10-ff-4952	3.90.1530.10	186	86.815	24.759911351883773	with_str
3.90.1560.10-ff-423	3.90.1560.10	1000	94.194	58.15652951699463	with_str
3.90.1580.10-ff-3920	3.90.1580.10	1000	84.336	61.2804318488529	with_str
3.90.1590.10-ff-2219	3.90.1590.10	718	86.808	23.53872764848594	with_str
3.90.1640.10-ff-2682	3.90.1640.10	1000	93.449	36.29507042253521	with_str
3.90.1650.10-ff-37	3.90.1650.10	117	84.403	1.2620816359134117	with_str
3.90.1700.10-ff-235	3.90.1700.10	723	98.825	10.949871032858585	with_str
3.90.1710.10-ff-263	3.90.1710.10	732	94.271	47.09096753455481	with_str
3.90.1750.10-ff-1829	3.90.1750.10	138	78.965	27.57197634366673	with_str
3.90.1770.10-ff-304	3.90.1770.10	1000	90.632	45.44074074074074	with_str
3.90.198.10-ff-86	3.90.198.10	139	96.111	28.427227448810182	with_str
3.90.199.10-ff-2393	3.90.199.10	1000	92.984	31.637631578947367	with_str
3.90.210.10-ff-128	3.90.210.10	47	74.811	21.476063829787233	with_str
3.90.220.20-ff-7555	3.90.220.20	219	96.71	42.218012241329056	with_str
3.90.228.10-ff-2005	3.90.228.10	1000	84.906	65.98238095238095	with_str
3.90.260.10-ff-390	3.90.260.10	1000	79.787	54.955774647887324	with_str
3.90.290.10-ff-903	3.90.290.10	308	91.401	11.106271777003485	with_str
3.90.330.10-ff-4	3.90.330.10	124	79.48	2.2667829119442024	with_str
3.90.340.10-ff-283	3.90.340.10	1000	93.781	34.20956175298805	with_str
3.90.360.10-ff-216	3.90.360.10	201	98.329	25.136223643686332	with_str
3.90.370.10-ff-122	3.90.370.10	368	91.542	26.24333470057424	with_str
3.90.390.10-ff-106	3.90.390.10	271	92.721	17.51169480198739	with_str
3.90.400.10-ff-1150	3.90.400.10	624	90.697	0.06639194139194139	with_str
3.90.420.10-ff-1422	3.90.420.10	1000	88.602	21.897067448680353	with_str
3.90.430.10-ff-96	3.90.430.10	476	93.207	17.04976108090295	with_str
3.90.440.10-ff-232	3.90.440.10	1000	88.318	10.193859649122807	with_str
3.90.460.10-ff-205	3.90.460.10	298	79.861	15.900118436636399	with_str
3.90.480.10-ff-3921	3.90.480.10	245	81.516	45.37609329446064	with_str
3.90.510.10-ff-37	3.90.510.10	57	98.593	18.700159489633172	with_str
3.90.520.10-ff-185	3.90.520.10	990	88.662	60.10888832615852	with_str
3.90.530.10-ff-202	3.90.530.10	141	82.714	10.952871196522535	with_str
3.90.56.10-ff-118	3.90.56.10	64	83.997	8.950242718446601	with_str
3.90.570.10-ff-62	3.90.570.10	317	85.667	16.073064007326753	with_str
3.90.580.10-ff-2846	3.90.580.10	1000	97.346	22.71627906976744	with_str
3.90.600.10-ff-2097	3.90.600.10	1000	96.383	23.2921875	with_str
3.90.760.10-ff-100	3.90.760.10	116	97.473	8.552631578947368	with_str
3.90.770.10-ff-1368	3.90.770.10	1000	92.413	18.7636	with_str
3.90.78.10-ff-2100	3.90.78.10	1000	94.859	41.37315436241611	with_str
3.90.800.10-ff-1115	3.90.800.10	1000	97.943	1.8576576576576576	with_str
3.90.870.10-ff-5678	3.90.870.10	1000	96.239	38.11369047619048	with_str
3.90.920.10-ff-622	3.90.920.10	121	93.912	26.893087638349442	with_str
3.90.970.10-ff-123	3.90.970.10	508	93.224	17.24459923278821	with_str
3.90.980.10-ff-1726	3.90.980.10	1000	90.328	62.71614730878187	with_str
4.10.10.10-ff-187	4.10.10.10	443	79.998	45.84650112866817	with_str
4.10.1040.10-ff-127	4.10.1040.10	1000	97.387	30.772222222222222	with_str
4.10.1060.10-ff-1916	4.10.1060.10	1000	94.612	47.95064935064935	with_str
4.10.1100.10-ff-287	4.10.1100.10	1000	86.378	55.959375	with_str
4.10.1140.10-ff-38	4.10.1140.10	82	83.016	10.18970189701897	with_str
4.10.1170.10-ff-59	4.10.1170.10	120	86.358	6.511904761904762	with_str
4.10.1180.10-ff-89	4.10.1180.10	218	100.0	3.153669724770642	with_str
4.10.1190.10-ff-321	4.10.1190.10	98	79.85	11.66028911564626	with_str
4.10.1230.10-ff-75	4.10.1230.10	211	86.14	2.3536026990119687	with_str
4.10.1240.10-ff-941	4.10.1240.10	99	79.268	23.917435221783048	with_str
4.10.1250.10-ff-2016	4.10.1250.10	1000	91.718	40.601351351351354	with_str
4.10.1260.10-ff-7	4.10.1260.10	26	70.465	1.3574660633484164	with_str
4.10.140.10-ff-55	4.10.140.10	88	81.381	15.498737373737374	with_str
4.10.160.10-ff-26	4.10.160.10	88	71.511	11.74698795180723	with_str
4.10.170.10-ff-100	4.10.170.10	508	94.811	47.126390129068916	with_str
4.10.180.10-ff-34	4.10.180.10	175	75.766	0.07142857142857142	with_str
4.10.220.20-ff-277	4.10.220.20	499	96.625	33.30444673130044	with_str
4.10.270.10-ff-6538	4.10.270.10	1000	91.166	28.89390243902439	with_str
4.10.372.10-ff-292	4.10.372.10	897	96.085	38.56379502556414	with_str
4.10.375.10-ff-309	4.10.375.10	1000	97.689	42.94719101123596	with_str
4.10.470.10-ff-142	4.10.470.10	202	96.447	8.671351006068349	with_str
4.10.49.10-ff-133	4.10.49.10	236	99.273	5.811138014527845	with_str
4.10.490.10-ff-196	4.10.490.10	604	94.726	42.52620326432706	with_str
4.10.510.10-ff-35	4.10.510.10	98	91.729	28.768020969855833	with_str
4.10.540.10-ff-117	4.10.540.10	311	96.503	26.96099170756473	with_str
4.10.680.10-ff-48	4.10.680.10	114	75.811	8.652312599681022	with_str
4.10.70.10-ff-1319	4.10.70.10	181	97.719	25.748284864306964	with_str
4.10.710.10-ff-14	4.10.710.10	429	100.0	6.982646982646982	with_str
4.10.740.10-ff-326	4.10.740.10	90	83.993	15.192743764172336	with_str
4.10.760.10-ff-76	4.10.760.10	152	90.914	26.983359133126935	with_str
4.10.770.10-ff-118	4.10.770.10	224	87.269	34.49209601873536	with_str
4.10.780.10-ff-580	4.10.780.10	1000	99.489	38.66923076923077	with_str
4.10.81.10-ff-83	4.10.81.10	141	100.0	2.358926919518964	with_str
4.10.810.10-ff-13	4.10.810.10	40	72.41	2.4390243902439024	with_str
4.10.890.10-ff-3388	4.10.890.10	1000	88.399	67.55895953757225	with_str
4.10.900.10-ff-590	4.10.900.10	156	77.053	1.1269644334160462	with_str
4.10.91.10-ff-188	4.10.91.10	426	82.643	27.200332798478634	with_str
4.10.93.10-ff-115	4.10.93.10	303	97.669	10.4357271170155	with_str
4.10.95.10-ff-244	4.10.95.10	746	97.354	38.168326311757944	with_str
4.10.970.10-ff-114	4.10.970.10	126	97.445	3.8583638583638584	with_str
4.10.990.10-ff-184	4.10.990.10	467	97.923	28.237594264966017	with_str
1.10.1510.10-ff-1175	1.10.1510.10	51	96.625	10.1475641803113	without_str
1.10.168.10-ff-149	1.10.168.10	93	84.588	9.99889147544618	without_str
1.10.2080.10-ff-376	1.10.2080.10	61	87.115	3.4836065573770494	without_str
1.10.3090.10-ff-3794	1.10.3090.10	83	79.985	5.4886211512717535	without_str
1.10.3410.10-ff-1021	1.10.3410.10	120	81.9	10.046666666666667	without_str
1.10.3500.10-ff-108	1.10.3500.10	57	70.41	3.1218731238743245	without_str
1.10.3580.10-ff-116	1.10.3580.10	103	86.264	5.713218820014936	without_str
1.10.3640.10-ff-71	1.10.3640.10	244	96.747	6.7228154609715745	without_str
1.10.3670.10-ff-381	1.10.3670.10	147	96.652	19.740973312401884	without_str
1.10.3800.10-ff-45	1.10.3800.10	36	83.148	2.928743961352657	without_str
1.10.3820.10-ff-2382	1.10.3820.10	53	96.48	12.086964850110142	without_str
1.10.3870.10-ff-85	1.10.3870.10	61	88.05	21.766848816029142	without_str
1.10.441.10-ff-289	1.10.441.10	94	95.567	6.533820260400127	without_str
1.20.1320.20-ff-245	1.20.1320.20	494	96.739	31.6704982401888	without_str
1.20.1460.10-ff-327	1.20.1460.10	216	93.499	25.863254083778102	without_str
1.20.1630.10-ff-1341	1.20.1630.10	233	92.111	10.21014341044698	without_str
1.20.940.10-ff-383	1.20.940.10	246	92.281	25.184464029514245	without_str
2.10.22.10-ff-576	2.10.22.10	74	79.157	19.134351743047397	without_str
2.20.200.10-ff-174	2.20.200.10	143	89.517	3.0303030303030303	without_str
2.30.150.10-ff-195	2.30.150.10	1000	93.952	6.298591549295774	without_str
2.40.320.10-ff-1174	2.40.320.10	299	93.773	22.238850643519903	without_str
2.40.370.10-ff-906	2.40.370.10	139	96.724	31.559514293327243	without_str
2.40.480.10-ff-643	2.40.480.10	310	92.351	44.46192490745637	without_str
2.60.340.10-ff-145	2.60.340.10	30	90.049	12.537037037037036	without_str
2.60.410.10-ff-316	2.60.410.10	96	80.498	4.857456140350878	without_str
3.30.1510.10-ff-800	3.30.1510.10	101	85.672	9.541679974449059	without_str
3.30.1650.10-ff-109	3.30.1650.10	78	81.659	2.1082621082621085	without_str
3.30.1810.10-ff-189	3.30.1810.10	278	98.847	11.498035614061942	without_str
3.30.1950.10-ff-1485	3.30.1950.10	29	75.039	22.976011994003	without_str
3.30.1960.10-ff-191	3.30.1960.10	63	90.897	13.453940528176336	without_str
3.30.2110.10-ff-712	3.30.2110.10	1000	89.669	67.85631970260224	without_str
3.30.2220.10-ff-153	3.30.2220.10	93	92.526	26.41509433962264	without_str
3.30.2280.10-ff-358	3.30.2280.10	821	94.672	44.299333844603844	without_str
3.30.2300.10-ff-1428	3.30.2300.10	25	87.98	5.191489361702128	without_str
3.40.1230.10-ff-615	3.40.1230.10	106	92.675	7.290510543840178	without_str
3.40.1470.10-ff-102	3.40.1470.10	101	75.639	13.495479982780887	without_str
3.60.160.10-ff-681	3.60.160.10	343	95.777	43.56033518528705	without_str
3.90.1230.10-ff-206	3.90.1230.10	996	92.396	22.627678857021003	without_str
3.90.1490.10-ff-531	3.90.1490.10	746	89.016	50.729585567470956	without_str
3.90.1520.10-ff-454	3.90.1520.10	75	77.014	7.213483146067416	without_str
3.90.1660.10-ff-246	3.90.1660.10	77	95.309	5.0691244239631335	without_str
4.10.1050.10-ff-147	4.10.1050.10	130	90.199	18.4526967285588	without_str
